round,median_client_loss,lg_ema,test_acc_global,train_loss_global,test_acc_personalized,train_loss_personalized,avg_mu,time_cost
0,2.308399200439453,2.308399200439453,0.060715101667809,2.31268768624495,0.060715101667809,2.31268768624495,0.05000000000000001,0.0
1,2.1714876890182495,2.294708049297333,0.9074137537125885,0.33375831649190824,0.9074137537125885,0.33375831649190824,0.05000000000000001,57.46501803398132
2,1.8652096390724182,2.2517582082748415,0.9497943797121315,0.2069379463144898,0.9497943797121315,0.2069379463144898,0.06629228732113905,57.32333540916443
3,1.4111597537994385,2.167698362827301,0.9629312314370574,0.17146707393428068,0.9629312314370574,0.17146707393428068,0.07489981075959212,56.45030474662781
4,1.0503387451171875,2.0559624010562896,0.9728124286040667,0.1511603682778264,0.9728124286040667,0.1511603682778264,0.08070739166664438,56.42444658279419
5,0.778997540473938,1.9282659149980546,0.975496915695682,0.14501787120021367,0.975496915695682,0.14501787120021367,0.08457246495986423,58.042722940444946
6,0.6370036900043488,1.799139692498684,0.9782956362805575,0.14319158808491725,0.9782956362805575,0.14319158808491725,0.08557206154149748,58.81048774719238
7,0.5570503175258636,1.674930755001402,0.9797806716929404,0.14239139468871229,0.9797806716929404,0.14239139468871229,0.08775449801168214,58.33194088935852
0,2.3100223541259766,2.3100223541259766,0.060715101667809,2.31268768624495,0.060715101667809,2.31268768624495,0.05000000000000001,0.0
1,2.1688586473464966,2.2959059834480287,0.9025017135023989,0.33547968766954195,0.9025017135023989,0.33547968766954195,0.05000000000000001,58.12460160255432
2,1.8753423690795898,2.2538496220111846,0.9489376285126799,0.2062129388296735,0.9489376285126799,0.2062129388296735,0.06631854401442477,48.72960948944092
3,1.3748306632041931,2.1659477261304856,0.962245830477496,0.16722758573032062,0.962245830477496,0.16722758573032062,0.07539902215495783,43.26659536361694
4,1.0288599133491516,2.052238944852352,0.9702421750057116,0.15324802694358786,0.9702421750057116,0.15324802694358786,0.0819137676286974,30.919490814208984
5,0.8024812936782837,1.927263179734945,0.9757253826822024,0.14604951778625827,0.9757253826822024,0.14604951778625827,0.08385745398675248,31.737900257110596
6,0.6451318860054016,1.7990500503619908,0.9795522047064199,0.1421018684560163,0.9795522047064199,0.1421018684560163,0.08538739165627084,31.14890217781067
7,0.5523624420166016,1.674381289527452,0.9812657071053232,0.14003288521651774,0.9812657071053232,0.14003288521651774,0.08651491754790425,31.534810066223145
8,0.5200238972902298,1.5589455503037297,0.9824651587845556,0.13885874160856918,0.9824651587845556,0.13885874160856918,0.08711111731156848,32.30716514587402
9,0.4387809485197067,1.4469290901253273,0.9835503769705277,0.13890291578100838,0.9835503769705277,0.13890291578100838,0.08754557022897283,31.747601985931396
10,0.4042394310235977,1.3426601242151546,0.9850925291295408,0.1381600335666924,0.9850925291295408,0.1381600335666924,0.08732806774557567,31.670242309570312
11,0.3792891800403595,1.246323029797675,0.9852638793694312,0.13677047680750604,0.9852638793694312,0.13677047680750604,0.08758152887327639,31.27265191078186
12,0.35025452077388763,1.1567161788952962,0.9862919808087731,0.13671398289245731,0.9862919808087731,0.13671398289245731,0.089269176641221,32.25321674346924
13,0.3653111159801483,1.0775756726037815,0.9862919808087731,0.13906369330432578,0.9862919808087731,0.13906369330432578,0.08936903277801943,32.74302315711975
14,0.27583326399326324,0.9974014317427298,0.987205848754855,0.1386853209177729,0.987205848754855,0.1386853209177729,0.09093039338168887,31.163016319274902
15,0.2913355529308319,0.92679484386154,0.9868631482750743,0.14371757408504496,0.9868631482750743,0.14371757408504496,0.09125128312448091,32.66557765007019
16,0.29077745974063873,0.8631931054494498,0.9884624171807174,0.14263563228927495,0.9884624171807174,0.14263563228927495,0.09226561480692974,31.55568218231201
17,0.26042981445789337,0.8029167763502941,0.9881197167009367,0.14519465130163742,0.9881197167009367,0.14519465130163742,0.09370518098903956,31.75376796722412
18,0.24635810405015945,0.7472609091202806,0.9876627827278959,0.1492471050698566,0.9876627827278959,0.1492471050698566,0.09460844472292758,32.14255905151367
19,0.27197760343551636,0.6997325785518042,0.9889193511537583,0.15131035028807535,0.9889193511537583,0.15131035028807535,0.0967245862948488,30.866638660430908
20,0.2182338982820511,0.6515827105248289,0.9889193511537583,0.15299000950203143,0.9889193511537583,0.15299000950203143,0.09859454684059682,32.176599979400635
21,0.23462914675474167,0.6098873541478201,0.9890335846470185,0.15854161548933,0.9890335846470185,0.15854161548933,0.09965905839939551,31.26591420173645
22,0.19727712869644165,0.5686263316026823,0.9900045693397304,0.16272463050336783,0.9900045693397304,0.16272463050336783,0.10051969527466662,31.915938138961792
23,0.24035585671663284,0.5357992841140774,0.9897189856065799,0.16588632467679168,0.9897189856065799,0.16588632467679168,0.10212395691568163,32.35089945793152
24,0.2060621976852417,0.5028255754711938,0.9902330363262508,0.17125014157837812,0.9902330363262508,0.17125014157837812,0.10388676984097714,31.80755853652954
25,0.21903987228870392,0.4744470051529448,0.9904043865661412,0.17640597807769556,0.9904043865661412,0.17640597807769556,0.10512073888868398,32.22935628890991
26,0.18385498225688934,0.44538780286333923,0.9898332190998401,0.1814557467580183,0.9898332190998401,0.1814557467580183,0.10881990671172512,32.145944356918335
27,0.19410619884729385,0.4202596424617347,0.9906899702992917,0.18410814468471604,0.9906899702992917,0.18410814468471604,0.10857393469820757,33.23145079612732
28,0.16201569885015488,0.39443524810057673,0.9912611377655929,0.18645882830876886,0.9912611377655929,0.18645882830876886,0.1093512675740258,31.886335849761963
29,0.18319039046764374,0.37331076233728344,0.9907470870459218,0.18955462765631104,0.9907470870459218,0.18955462765631104,0.10988317939092414,31.48330307006836
30,0.18925484269857407,0.3549051703734125,0.9906899702992917,0.1917354645435023,0.9906899702992917,0.1917354645435023,0.11299251409969582,32.08507800102234
31,0.148783341050148,0.3342929874410861,0.9909755540324423,0.1938255004726976,0.9909755540324423,0.1938255004726976,0.1124632995315504,31.71608829498291
32,0.14073245972394943,0.31493693466937245,0.990804203792552,0.19509792738231538,0.990804203792552,0.19509792738231538,0.11112430967208527,32.11947011947632
33,0.15664003044366837,0.299107244246802,0.990804203792552,0.1960922011764336,0.990804203792552,0.1960922011764336,0.11202597835160596,32.322277307510376
34,0.15114137530326843,0.2843106573524487,0.9900616860863605,0.19834697865063453,0.9900616860863605,0.19834697865063453,0.11081818484612418,31.608668088912964
35,0.15875457972288132,0.271755049589492,0.9908613205391821,0.1989361976877651,0.9908613205391821,0.1989361976877651,0.11287406760341653,32.68025755882263
36,0.14405879378318787,0.2589854240088616,0.9909755540324423,0.20075788043922824,0.9909755540324423,0.20075788043922824,0.1115326672717016,31.57641077041626
37,0.14175916463136673,0.24726279807111212,0.9912040210189628,0.20137253590639084,0.9912040210189628,0.20137253590639084,0.11225322471499084,32.09144592285156
38,0.14439938217401505,0.23697645648140242,0.9913753712588531,0.20272075656573962,0.9913753712588531,0.20272075656573962,0.11478024929548877,32.095898389816284
39,0.14339706301689148,0.22761851713495135,0.9909755540324423,0.20433658338400698,0.9909755540324423,0.20433658338400698,0.11274617450684218,31.694418907165527
40,0.151421457529068,0.219998811174363,0.9914324880054832,0.20480517180536995,0.9914324880054832,0.20480517180536995,0.11583796738456427,32.23011541366577
41,0.12245833873748779,0.21024476393067548,0.9917180717386338,0.20631779709560724,0.9917180717386338,0.20631779709560724,0.11351642381008833,31.93662190437317
42,0.13556748628616333,0.20277703616622428,0.9916038382453736,0.2068159233110438,0.9916038382453736,0.2068159233110438,0.11559018824840414,32.21138262748718
43,0.12172842770814896,0.19467217532041675,0.9912611377655929,0.20950130598036615,0.9912611377655929,0.20950130598036615,0.11331313177388284,31.74925661087036
44,0.14054589718580246,0.18925954750695534,0.9913753712588531,0.2097095096682888,0.9913753712588531,0.2097095096682888,0.12731737145146899,32.02080821990967
45,0.1328156739473343,0.18361516015099325,0.9914896047521133,0.22188163833507826,0.9914896047521133,0.22188163833507826,0.12562614366165514,33.14485764503479
46,0.11997565254569054,0.17725120939046296,0.9914896047521133,0.22298351934762628,0.9914896047521133,0.22298351934762628,0.12845855032024706,31.401824235916138
47,0.09870216622948647,0.16939630507436532,0.9914896047521133,0.222352562783613,0.9914896047521133,0.222352562783613,0.1314120448089529,32.23489475250244
48,0.12553907930850983,0.16501058249777978,0.9913753712588531,0.22442498935087946,0.9913753712588531,0.22442498935087946,0.13465810937110353,31.26270294189453
49,0.12274845317006111,0.1607843695650079,0.9919465387251543,0.23128540797997976,0.9919465387251543,0.23128540797997976,0.12831200720719235,31.72080159187317
50,0.12299209833145142,0.15700514244165226,0.9916038382453736,0.2284241297872353,0.9916038382453736,0.2284241297872353,0.13395283335640262,32.87675380706787
51,0.10490194335579872,0.15179482253306692,0.9920036554717844,0.23404778924891512,0.9920036554717844,0.23404778924891512,0.13341223945560826,31.384609937667847
52,0.12388204783201218,0.14900354506296146,0.9914324880054832,0.23471865249328486,0.9914324880054832,0.23471865249328486,0.13101956238642104,33.05393362045288
53,0.11209981143474579,0.14531317170013988,0.9912040210189628,0.2319928956054549,0.9912040210189628,0.2319928956054549,0.1384149237146009,31.8047091960907
54,0.10368112474679947,0.14114996700480584,0.9920036554717844,0.24175038652650954,0.9920036554717844,0.24175038652650954,0.14148548253929202,31.347995281219482
55,0.1063641607761383,0.1376713863819391,0.9917751884852639,0.2406115076682381,0.9917751884852639,0.2406115076682381,0.14222381019429525,32.21692991256714
56,0.08809459581971169,0.13271370732571636,0.9916609549920037,0.23826783490118408,0.9916609549920037,0.23826783490118408,0.13918030973895582,31.76218032836914
57,0.1070057637989521,0.13014291297303993,0.9912040210189628,0.23903006894073187,0.9912040210189628,0.23903006894073187,0.14075918968740772,32.67332935333252
58,0.10151582211256027,0.12728020388699196,0.9918894219785241,0.24545962532541452,0.9918894219785241,0.24545962532541452,0.15173117607277822,31.671133995056152
59,0.09625688567757607,0.12417787206605038,0.9917751884852639,0.2528880339727261,0.9917751884852639,0.2528880339727261,0.15489251266319531,31.665314435958862
60,0.0988529585301876,0.1216453807124641,0.9916609549920037,0.25617943814749483,0.9916609549920037,0.25617943814749483,0.15894989168539542,33.019086837768555
61,0.09396497905254364,0.11887734054647205,0.9916609549920037,0.2612242770032914,0.9916609549920037,0.2612242770032914,0.15973315063303323,31.373523235321045
62,0.08846554532647133,0.11583616102447197,0.991832305231894,0.26189284881591113,0.991832305231894,0.26189284881591113,0.16558383764298681,32.362772941589355
63,0.0933205857872963,0.1135846035007544,0.9917180717386338,0.27281854302401987,0.9917180717386338,0.27281854302401987,0.16093196232861454,31.72071886062622
64,0.0777934230864048,0.11000548545931944,0.9917751884852639,0.2686409183827634,0.9917751884852639,0.2686409183827634,0.1621001206489059,31.373637914657593
65,0.10021567344665527,0.10902650425805303,0.9918894219785241,0.2798481518943005,0.9918894219785241,0.2798481518943005,0.16453531167400542,33.00943565368652
66,0.09067260473966599,0.10719111430621432,0.9921750057116747,0.28445492238517256,0.9921750057116747,0.28445492238517256,0.17609570482435422,32.42820858955383
67,0.09173542261123657,0.10564554513671655,0.9919465387251543,0.2915412679229301,0.9919465387251543,0.2915412679229301,0.17602192158132557,32.34767484664917
68,0.09464767947793007,0.10454575857083791,0.9917180717386338,0.29294207259045757,0.9917180717386338,0.29294207259045757,0.1822365185040832,31.600920915603638
69,0.09517079591751099,0.10360826230550521,0.9917180717386338,0.29445002964548483,0.9917180717386338,0.29445002964548483,0.17634813117842663,31.415350198745728
70,0.09445072337985039,0.10269250841293974,0.991832305231894,0.3008370562165066,0.991832305231894,0.3008370562165066,0.170940480204794,32.10390043258667
71,0.09713856130838394,0.10213711370248416,0.9914896047521133,0.29291937396442164,0.9914896047521133,0.29291937396442164,0.1726068138327272,30.688899993896484
72,0.07971371337771416,0.09989477367000715,0.9917180717386338,0.29609837401231737,0.9917180717386338,0.29609837401231737,0.16888410812889085,26.372386932373047
73,0.08349168300628662,0.0982544646036351,0.9916038382453736,0.2928411485442451,0.9916038382453736,0.2928411485442451,0.16657420440568357,20.71580958366394
74,0.07392888516187668,0.09582190665945925,0.9914324880054832,0.28448407847917717,0.9914324880054832,0.28448407847917717,0.16950261598020705,19.974050760269165
75,0.09513035416603088,0.09575275141011641,0.9919465387251543,0.28759840664290287,0.9919465387251543,0.28759840664290287,0.17873028068561833,19.908905267715454
76,0.08442176878452301,0.09461965314755708,0.9919465387251543,0.3091321191686483,0.9919465387251543,0.3091321191686483,0.17284909045202704,20.776726245880127
77,0.082681093364954,0.09342579716929676,0.9917751884852639,0.3100293705424735,0.9917751884852639,0.3100293705424735,0.17684656040558128,20.824557304382324
78,0.08118566870689392,0.09220178432305648,0.9919465387251543,0.31206603817755485,0.9919465387251543,0.31206603817755485,0.16968403748924782,20.30455183982849
79,0.07790586724877357,0.09077219261562819,0.9916038382453736,0.3078830215113081,0.9916038382453736,0.3078830215113081,0.16902870307428675,20.62427806854248
80,0.07944784313440323,0.0896397576675057,0.9918894219785241,0.3056843592977251,0.9918894219785241,0.3056843592977251,0.16579957674289247,21.26785159111023
81,0.08316858857870102,0.08899264075862524,0.9919465387251543,0.30670554800570465,0.9919465387251543,0.30670554800570465,0.1686540228319454,20.654407739639282
82,0.07124844193458557,0.08721822087622128,0.9921178889650446,0.3174539919828868,0.9921178889650446,0.3174539919828868,0.17191072776898092,20.568533182144165
83,0.07920504361391068,0.08641690314999022,0.9917180717386338,0.31030341770699005,0.9917180717386338,0.31030341770699005,0.17979890460184142,20.28187394142151
84,0.07435770332813263,0.08521098316780445,0.991832305231894,0.32227064226931745,0.991832305231894,0.32227064226931745,0.19471096079659883,20.449678421020508
85,0.0848279632627964,0.08517268117730366,0.991832305231894,0.3559508160666655,0.991832305231894,0.3559508160666655,0.19605709507951438,20.49867081642151
86,0.08732488378882408,0.0853879014384557,0.991832305231894,0.36092092308663687,0.991832305231894,0.36092092308663687,0.19837315389152707,20.81502366065979
87,0.07511167600750923,0.08436027889536106,0.9920036554717844,0.36621777047296517,0.9920036554717844,0.36621777047296517,0.19279967267723397,20.769618034362793
88,0.062291938811540604,0.08215344488697901,0.9918894219785241,0.3568859527186128,0.9918894219785241,0.3568859527186128,0.17958132025870094,20.329002618789673
89,0.06469940394163132,0.08040804079244424,0.9917180717386338,0.34464454760078256,0.9917180717386338,0.34464454760078256,0.17837806307028953,20.563610792160034
90,0.07630841806530952,0.07999807851973077,0.9920607722184145,0.33589170049335665,0.9920607722184145,0.33589170049335665,0.1825361996439641,21.043413162231445
91,0.06353647448122501,0.0783519181158802,0.9916038382453736,0.3435951725473158,0.9916038382453736,0.3435951725473158,0.18011661711773347,20.87058663368225
92,0.06287902593612671,0.07680462889790485,0.991832305231894,0.34380446946859816,0.991832305231894,0.34380446946859816,0.18224226478100392,21.580201864242554
93,0.0617054533213377,0.07529471134024814,0.9919465387251543,0.33306672023964745,0.9919465387251543,0.33306672023964745,0.18889291409232858,21.369763135910034
94,0.07380274310708046,0.07514551451693137,0.9919465387251543,0.3582516175815622,0.9919465387251543,0.3582516175815622,0.2052564310750204,20.95808243751526
95,0.08087977021932602,0.07571894008717084,0.9920607722184145,0.39793055577360037,0.9920607722184145,0.39793055577360037,0.2167790255314393,21.599737405776978
96,0.06675377860665321,0.07482242393911909,0.9921178889650446,0.4065355140545214,0.9921178889650446,0.4065355140545214,0.2043992183109385,21.711113929748535
97,0.06836366653442383,0.07417654819864956,0.9918894219785241,0.3959511821876273,0.9918894219785241,0.3959511821876273,0.19587884937859226,20.445993423461914
98,0.07366977259516716,0.07412587063830132,0.9917751884852639,0.37742528447611184,0.9917751884852639,0.37742528447611184,0.2063150508699732,20.47712779045105
99,0.048758869990706444,0.07158917057354183,0.991832305231894,0.3852989079757729,0.991832305231894,0.3852989079757729,0.19521323044311062,20.496439456939697
100,0.08168761059641838,0.07259901457582948,0.9921178889650446,0.36055208388573795,0.9921178889650446,0.36055208388573795,0.2116422444623431,21.404521703720093
101,0.06362216174602509,0.07170132929284904,0.9918894219785241,0.3873137934318253,0.9918894219785241,0.3873137934318253,0.22759681999122972,21.207693815231323
102,0.0661766529083252,0.07114886165439666,0.9918894219785241,0.4189570122974292,0.9918894219785241,0.4189570122974292,0.21736913803895214,21.283931016921997
103,0.05411329120397568,0.06944530460935455,0.9920036554717844,0.40108526497510555,0.9920036554717844,0.40108526497510555,0.2056792375266126,20.58959937095642
104,0.06345880776643753,0.06884665492506285,0.9918894219785241,0.3775979293041102,0.9918894219785241,0.3775979293041102,0.21589312471555125,20.559186220169067
105,0.07162825390696526,0.0691248148232531,0.9921750057116747,0.3827291688760956,0.9921750057116747,0.3827291688760956,0.21802393170480183,20.261059522628784
106,0.05933057516813278,0.06814539085774106,0.9922321224583047,0.38091676499097404,0.9922321224583047,0.38091676499097404,0.21687989922030632,20.500040769577026
107,0.06700452044606209,0.06803130381657316,0.9920607722184145,0.38884340078207374,0.9920607722184145,0.38884340078207374,0.20381777087914982,20.480772018432617
108,0.07885029539465904,0.06911320297438174,0.9918894219785241,0.3716641402995313,0.9918894219785241,0.3716641402995313,0.21535674363222318,20.404288291931152
109,0.052991751581430435,0.06750105783508661,0.9917180717386338,0.39758134143327484,0.9917180717386338,0.39758134143327484,0.2042987580457764,20.36913275718689
110,0.06635915860533714,0.06738686791211167,0.9919465387251543,0.3825067209861888,0.9919465387251543,0.3825067209861888,0.20343047864562477,20.98603081703186
111,0.057931188493967056,0.0664412999702972,0.9919465387251543,0.3784518801443677,0.9919465387251543,0.3784518801443677,0.19948080232892565,21.6559898853302
112,0.06828797236084938,0.06662596720935242,0.9920607722184145,0.3746896110873186,0.9920607722184145,0.3746896110873186,0.21000358926041013,21.643826246261597
113,0.06360284984111786,0.06632365547252896,0.9919465387251543,0.4064825658210134,0.9919465387251543,0.4064825658210134,0.20053854554756545,21.852891445159912
114,0.05322110466659069,0.06501340039193512,0.991832305231894,0.39623975614156887,0.991832305231894,0.39623975614156887,0.2065779227638002,21.715588331222534
115,0.06600380688905716,0.06511244104164733,0.9920036554717844,0.4022993940774721,0.9920036554717844,0.4022993940774721,0.21400962266982906,21.73281455039978
116,0.0671832486987114,0.06531952180735373,0.9918894219785241,0.4185712683746833,0.9918894219785241,0.4185712683746833,0.221862057296421,21.574466705322266
117,0.05388194881379604,0.06417576450799796,0.9918894219785241,0.4278511396204015,0.9918894219785241,0.4278511396204015,0.2332401507313814,21.40092706680298
118,0.0511509720236063,0.06287328525955879,0.9920607722184145,0.44677340939982246,0.9920607722184145,0.44677340939982246,0.21299596800056494,21.09030508995056
119,0.053105318918824196,0.06189648862548533,0.991832305231894,0.4110966994420035,0.991832305231894,0.4110966994420035,0.20507255289714377,20.483346700668335
120,0.05474991723895073,0.06118183148683187,0.9917180717386338,0.39968052169748847,0.9917180717386338,0.39968052169748847,0.20714150788331348,21.151448726654053
121,0.06342426873743534,0.06140607521189222,0.9920607722184145,0.3961928438594323,0.9920607722184145,0.3961928438594323,0.21421278982887157,20.728408336639404
122,0.06175881251692772,0.06144134894239577,0.9920607722184145,0.39802131411399094,0.9920607722184145,0.39802131411399094,0.21750331745563867,21.220360279083252
123,0.06023479253053665,0.061320693301209865,0.9917180717386338,0.40860514933143866,0.9917180717386338,0.40860514933143866,0.21919836993159864,20.838443756103516
124,0.05581498146057129,0.06077012211714601,0.9919465387251543,0.4117215738809518,0.9919465387251543,0.4117215738809518,0.21620403902994428,20.669780254364014
125,0.06943671405315399,0.06163678131074681,0.9917180717386338,0.40905077150873553,0.9917180717386338,0.40905077150873553,0.22815718377529376,20.727285623550415
126,0.05606650933623314,0.06107975411329545,0.9920036554717844,0.4347784871107522,0.9920036554717844,0.4347784871107522,0.21998759664709575,20.571998596191406
127,0.05149780958890915,0.06012155966085682,0.9920036554717844,0.41589868418474235,0.9920036554717844,0.41589868418474235,0.2021516016123348,20.425833702087402
128,0.060797322541475296,0.060189135948918664,0.9920036554717844,0.3961583481746093,0.9920036554717844,0.3961583481746093,0.20346836045108407,21.20971131324768
129,0.0570900347083807,0.059879225824864865,0.9918894219785241,0.391500796354909,0.9918894219785241,0.391500796354909,0.20291295970577394,20.836246013641357
130,0.061516547575592995,0.06004295799993768,0.9921178889650446,0.403561025340366,0.9921178889650446,0.403561025340366,0.2152646265039758,20.694727420806885
131,0.04793287068605423,0.05883194926854934,0.9919465387251543,0.4343810326298912,0.9919465387251543,0.4343810326298912,0.19381936418658116,20.844271898269653
132,0.07487264275550842,0.06043601861724524,0.9918894219785241,0.39420545438716886,0.9918894219785241,0.39420545438716886,0.22206420477253888,20.51887822151184
133,0.056201038882136345,0.06001252064373436,0.9917751884852639,0.44567893559809857,0.9917751884852639,0.44567893559809857,0.2071972081749447,21.376670837402344
134,0.06013933941721916,0.060025202521082836,0.9918894219785241,0.41470152293509654,0.9918894219785241,0.41470152293509654,0.21059496757715115,21.797384023666382
135,0.05779819004237652,0.059802501273212204,0.9920607722184145,0.40291713520543265,0.9920607722184145,0.40291713520543265,0.20979507929314303,21.60842251777649
136,0.050291577354073524,0.058851408881298334,0.9921178889650446,0.3947874777559333,0.9921178889650446,0.3947874777559333,0.19773157664281887,21.508259773254395
137,0.05378584563732147,0.058344852556900646,0.9920036554717844,0.3885539184715457,0.9920036554717844,0.3885539184715457,0.2127297500468413,21.491482257843018
138,0.05521606467664242,0.05803197376887482,0.9920607722184145,0.41799207224247564,0.9920607722184145,0.41799207224247564,0.22615459052332648,21.396553993225098
139,0.05257445015013218,0.057486221407000555,0.9919465387251543,0.4262744848168533,0.9919465387251543,0.4262744848168533,0.2292120562509099,21.38519811630249
140,0.048796096816658974,0.056617208947966395,0.9919465387251543,0.43311602045845893,0.9919465387251543,0.43311602045845893,0.2241161879614051,21.18722414970398
141,0.059146011248230934,0.05687008917799285,0.9922892392049348,0.4113578660996588,0.9922892392049348,0.4113578660996588,0.22771779609443638,21.190314292907715
142,0.05490143969655037,0.0566732242298486,0.9920607722184145,0.4313420653997259,0.9920607722184145,0.4313420653997259,0.22327722598827857,20.933586359024048
143,0.0698569267988205,0.05799159448674579,0.9920036554717844,0.4422999811479609,0.9920036554717844,0.4422999811479609,0.24501473918999506,21.4238703250885
144,0.05586030334234238,0.05777846537230545,0.9920607722184145,0.47602152993035224,0.9920607722184145,0.47602152993035224,0.23762165353984338,21.50830578804016
145,0.05758804269134998,0.05775942310420991,0.9920036554717844,0.4614686487598046,0.9920036554717844,0.4614686487598046,0.24655422904202626,21.102997303009033
146,0.060092540457844734,0.057992734839573394,0.9917751884852639,0.49365414205000147,0.9917751884852639,0.49365414205000147,0.24238603119062668,20.957111597061157
147,0.05818731524050236,0.05801219287966629,0.9919465387251543,0.4848320828565887,0.9919465387251543,0.4848320828565887,0.24210899107520376,20.68900752067566
148,0.05016817897558212,0.05722779148925787,0.991832305231894,0.46326790083455677,0.991832305231894,0.46326790083455677,0.21873261679261535,21.703473567962646
149,0.04380096308887005,0.05588510864921909,0.9920607722184145,0.4210609514977186,0.9920607722184145,0.4210609514977186,0.2184992796965554,22.28310799598694
150,0.056650638580322266,0.05596166164232941,0.9919465387251543,0.43153932057889816,0.9919465387251543,0.43153932057889816,0.23120297865954834,22.21243906021118
151,0.0492628775537014,0.055291783233466604,0.9920036554717844,0.4601160237665167,0.9920036554717844,0.4601160237665167,0.23088460218288284,21.331732988357544
152,0.05666045844554901,0.055428650754674846,0.9921178889650446,0.45378268241654823,0.9921178889650446,0.45378268241654823,0.24366661163050995,21.44361114501953
153,0.05113210529088974,0.05499899620829634,0.9920036554717844,0.47039098345766994,0.9920036554717844,0.47039098345766994,0.2313365248075443,21.469480514526367
154,0.05595683306455612,0.055094779893922315,0.9921178889650446,0.4673447355315203,0.9921178889650446,0.4673447355315203,0.23318081885274866,21.42437767982483
155,0.04782162234187126,0.05436746413871721,0.9921178889650446,0.4561336442799741,0.9921178889650446,0.4561336442799741,0.2275596079578333,21.293212413787842
156,0.056756049394607544,0.05460632266430624,0.9919465387251543,0.445186049960383,0.9919465387251543,0.445186049960383,0.22644241301921603,20.94376301765442
157,0.04630679450929165,0.05377636984880478,0.9920036554717844,0.43524779335858715,0.9920036554717844,0.43524779335858715,0.21146262120618112,21.259283542633057
158,0.04269197955727577,0.05266793081965188,0.9921750057116747,0.42650756713088234,0.9921750057116747,0.42650756713088234,0.21003280252038475,20.930992126464844
159,0.049669211730360985,0.05236805891072279,0.9920036554717844,0.40951282120672344,0.9920036554717844,0.40951282120672344,0.21423425354436682,20.856808185577393
160,0.05312303639948368,0.052443556659598885,0.9919465387251543,0.4216666440927345,0.9919465387251543,0.4216666440927345,0.21444696837210414,20.940053701400757
161,0.04386390745639801,0.05158559173927879,0.9919465387251543,0.4271546871038794,0.9919465387251543,0.4271546871038794,0.21154541855899503,20.991658926010132
162,0.0447576679289341,0.05090279935824432,0.9921750057116747,0.4349621975837091,0.9921750057116747,0.4349621975837091,0.20968284291861083,21.23359179496765
163,0.048357708379626274,0.05064829026038252,0.9920036554717844,0.43490432770425125,0.9920036554717844,0.43490432770425125,0.22078133376208692,21.196326732635498
164,0.06035865657031536,0.05161932689137581,0.9921178889650446,0.45155098687373957,0.9921178889650446,0.45155098687373957,0.2364003641169239,21.490277528762817
165,0.042988596484065056,0.05075625385064473,0.9920036554717844,0.46518295690531036,0.9920036554717844,0.46518295690531036,0.22795838812592448,21.04190444946289
166,0.05360682122409344,0.0510413105879896,0.9919465387251543,0.4484686919466685,0.9919465387251543,0.4484686919466685,0.23103517791614459,21.18763566017151
167,0.041324274614453316,0.05006960699063598,0.9919465387251543,0.46317537120394126,0.9919465387251543,0.46317537120394126,0.22950917716176839,21.141032934188843
168,0.03854597359895706,0.04891724365146809,0.9919465387251543,0.4475779586080604,0.9919465387251543,0.4475779586080604,0.19887552970629385,21.011718034744263
169,0.04584701359272003,0.04861022064559328,0.9920607722184145,0.40563695132163646,0.9920607722184145,0.40563695132163646,0.211538944941776,21.262671947479248
170,0.043831150978803635,0.04813231367891432,0.9920607722184145,0.427927850024732,0.9920607722184145,0.427927850024732,0.2218788782500678,21.419763565063477
171,0.05316288582980633,0.048635370894003514,0.9920607722184145,0.4244998714140126,0.9920607722184145,0.4244998714140126,0.2395064149375957,20.88427424430847
172,0.058031851425766945,0.04957501894717986,0.9920036554717844,0.4679883768170617,0.9920036554717844,0.4679883768170617,0.23980404850771456,20.999560832977295
173,0.03944708779454231,0.048562225831916106,0.9920036554717844,0.47443574997987453,0.9920036554717844,0.47443574997987453,0.2268304463531503,21.83238434791565
174,0.04006204940378666,0.04771220818910316,0.9920036554717844,0.4417603018146207,0.9920036554717844,0.4417603018146207,0.22725771356772367,20.725154161453247
175,0.03494040295481682,0.04643502766567453,0.9918894219785241,0.4631499396651301,0.9918894219785241,0.4631499396651301,0.2059005329796635,20.812860012054443
176,0.050152888521552086,0.04680681375126229,0.9919465387251543,0.44312926105699924,0.9919465387251543,0.44312926105699924,0.2205967243578622,21.83235764503479
177,0.044410351663827896,0.046567167542518856,0.9921750057116747,0.47860886552406634,0.9921750057116747,0.47860886552406634,0.21629891046965288,21.589196920394897
178,0.0495558213442564,0.04686603292269261,0.9918894219785241,0.47047494706761744,0.9918894219785241,0.47047494706761744,0.22669210571555337,21.5429527759552
179,0.05358357913792133,0.04753778754421548,0.9920607722184145,0.4940350935886834,0.9920607722184145,0.4940350935886834,0.2376608046056127,21.316436529159546
180,0.03576485067605972,0.04636049385739991,0.9920036554717844,0.5092565079255186,0.9920036554717844,0.5092565079255186,0.22071511606506,20.390342950820923
181,0.053987519815564156,0.04712319645321633,0.9918894219785241,0.4598257134064236,0.9918894219785241,0.4598257134064236,0.23784075233405097,21.246293306350708
182,0.0435933992266655,0.046770216730561254,0.9919465387251543,0.48840065757736906,0.9919465387251543,0.48840065757736906,0.23005938567154108,20.713226795196533
183,0.050210872665047646,0.047114282324009896,0.9920036554717844,0.4671631670151731,0.9920036554717844,0.4671631670151731,0.2311285342932714,20.85505199432373
184,0.05634571053087711,0.04803742514469662,0.9921178889650446,0.4591970826179244,0.9921178889650446,0.4591970826179244,0.23704422102679845,21.673550844192505
185,0.040520213544368744,0.04728570398466383,0.9920607722184145,0.4878319246424291,0.9920607722184145,0.4878319246424291,0.23652253460269063,20.34243416786194
186,0.03989325650036335,0.04654645923623378,0.9920607722184145,0.4630806831742516,0.9920607722184145,0.4630806831742516,0.22228283490385917,20.16179394721985
187,0.03211495000869036,0.04510330831347944,0.9919465387251543,0.448614794712599,0.9919465387251543,0.448614794712599,0.22843658433419808,20.600809335708618
188,0.03648809529840946,0.04424178701197244,0.9921750057116747,0.4453223313482208,0.9921750057116747,0.4453223313482208,0.22064186499326754,21.427921533584595
189,0.044151417911052704,0.04423275010188047,0.9921178889650446,0.4586284927483506,0.9921178889650446,0.4586284927483506,0.23118944604095487,21.305943250656128
190,0.04522433876991272,0.04433190896868369,0.9921178889650446,0.4899396998935756,0.9921178889650446,0.4899396998935756,0.24164029339083232,20.64217972755432
191,0.04430614784359932,0.044329332856175255,0.9921178889650446,0.48779778954864456,0.9921178889650446,0.48779778954864456,0.2466650405721631,20.763744115829468
192,0.040566159412264824,0.04395301551178421,0.9921178889650446,0.5241230790226059,0.9921178889650446,0.5241230790226059,0.2404342663266083,20.746394157409668
193,0.03542630188167095,0.04310034414877288,0.9920036554717844,0.5254937681333937,0.9920036554717844,0.5254937681333937,0.23326722183076964,21.401773691177368
194,0.043822869658470154,0.043172596699742605,0.9920036554717844,0.5006834414538763,0.9920036554717844,0.5006834414538763,0.2349475918843043,21.01279306411743
195,0.04003847762942314,0.042859184792710656,0.9920036554717844,0.49085233645471,0.9920036554717844,0.49085233645471,0.2335080917698394,21.339930772781372
196,0.03581387922167778,0.04215465423560737,0.9920036554717844,0.4885492635393188,0.9920036554717844,0.4885492635393188,0.22162390590873668,21.2025146484375
197,0.03449044190347195,0.041388233002393825,0.9920607722184145,0.4668857618796689,0.9920607722184145,0.4668857618796689,0.22477978510145696,21.357162952423096
198,0.04154377803206444,0.04140378750536089,0.9920036554717844,0.47252753658205954,0.9920036554717844,0.47252753658205954,0.23453280898666445,21.306099891662598
199,0.040295446291565895,0.041292953383981396,0.9920607722184145,0.485841723591203,0.9920607722184145,0.485841723591203,0.2402040947425111,21.625816583633423
200,0.043767739087343216,0.04154043195431757,0.9921178889650446,0.5049672557624014,0.9921178889650446,0.5049672557624014,0.239248541198185,21.180460691452026
