round,test_acc,train_loss,mu,time_cost
0,0.060715101667809,2.3126941508009233,0.0,0.0
1,0.22195567740461503,2.2041283567898144,0.0,21.456974983215332
2,0.3069453963902216,1.9658129996015825,0.0,19.206462383270264
3,0.5615147361206305,1.5750751958036695,0.0,22.14076542854309
4,0.6533584647018505,1.2493718940252794,0.0,19.679539918899536
5,0.6823737719899474,1.0243166285282612,0.0,20.810642957687378
6,0.7189284898332191,0.8568963163702941,0.0,20.47327995300293
7,0.7411469042723327,0.7521112070226942,0.0,19.783008575439453
8,0.7641649531642678,0.6710163577370886,0.0,19.197753190994263
9,0.7807859264336303,0.6059955085880115,0.0,21.277889728546143
10,0.7918094585332419,0.5676617083973287,0.0,19.03905200958252
11,0.8051747772446881,0.519906142662912,0.0,20.196337938308716
12,0.8136280557459447,0.4887963525371498,0.0,20.748275756835938
13,0.8266506739776103,0.45057264933894026,0.0,19.82811999320984
14,0.8409869773817683,0.42130641897256976,0.0,20.42172074317932
15,0.8529243774274617,0.3960602871364494,0.0,20.905051946640015
16,0.8580077678775417,0.37938273784709836,0.0,19.24348497390747
17,0.8659469956591272,0.36281674902651545,0.0,20.854995489120483
18,0.8795407813570939,0.33777056569126895,0.0,20.020869493484497
19,0.8849668722869546,0.3260874076082126,0.0,19.655978441238403
20,0.8863376742060772,0.3168125848359169,0.0,20.68150234222412
21,0.8955905871601554,0.29971788181254166,0.0,19.579540491104126
22,0.9006168608636053,0.2876661752924707,0.0,19.707559823989868
23,0.9074137537125885,0.27680200661291754,0.0,20.989843606948853
24,0.9059858350468357,0.2726790603694598,0.0,19.648270845413208
25,0.9105551747772447,0.26290508590524,0.0,19.89023780822754
26,0.9139250628284213,0.2560629697815597,0.0,21.436793565750122
27,0.9168951336531871,0.24465210862570613,0.0,19.537283420562744
28,0.921921407356637,0.23768292257739124,0.0,20.54745364189148
29,0.9203221384509939,0.2362851151421165,0.0,20.51174807548523
30,0.9268334475668266,0.22512845356876693,0.0,19.774051904678345
31,0.9281471327393191,0.2209204668406653,0.0,20.278735160827637
32,0.9316883710303862,0.21295534109563224,0.0,20.66658663749695
33,0.9323166552433173,0.20759362368262374,0.0,19.093298196792603
34,0.9340301576422207,0.20157828128144398,0.0,21.110541343688965
35,0.9369431117203564,0.19486887444511414,0.0,19.174589157104492
36,0.939284898332191,0.18925191602020486,0.0,20.191131830215454
37,0.939798949051862,0.18747972790595058,0.0,20.456352710723877
38,0.9319168380169066,0.19625499681020883,0.0,20.229854106903076
39,0.9366575279872058,0.18809461269071343,0.0,19.268755435943604
40,0.9358007767877542,0.18590042572253018,0.0,22.07007074356079
41,0.9404272332647933,0.17610180437609171,0.0,18.878949880599976
42,0.939798949051862,0.17670448309647938,0.0,20.667616367340088
43,0.9425976696367375,0.1710587768438552,0.0,20.048282623291016
44,0.9446538725154215,0.1668680332601237,0.0,20.20651626586914
45,0.9455677404615033,0.16306486403962148,0.0,19.460146188735962
46,0.9461389079278044,0.16049592857691916,0.0,21.540215015411377
47,0.9483664610463788,0.15855909176679867,0.0,18.375518083572388
48,0.9478524103267078,0.15726089457117504,0.0,21.514573574066162
49,0.9509367146447338,0.15030988017079897,0.0,19.158591270446777
50,0.9497943797121315,0.1515682150208947,0.0,20.59009313583374
51,0.9540210189627599,0.14268158269680206,0.0,19.96934962272644
52,0.9513936486177748,0.1456571504530894,0.0,20.641089916229248
53,0.9503655471784327,0.1463972943044436,0.0,18.819302797317505
54,0.9523646333104866,0.14163884846313646,0.0,22.26336359977722
55,0.9524788668037468,0.14294663116351755,0.0,15.427300214767456
56,0.9565912725611149,0.1349467498937967,0.0,17.0245258808136
57,0.9577907242403473,0.131094029963249,0.0,14.923593044281006
58,0.9535069682430889,0.13887331531198588,0.0,17.060004234313965
59,0.9564199223212246,0.13175096349828017,0.0,14.726715803146362
60,0.9577907242403473,0.12892310072943716,0.0,17.072569608688354
61,0.9582476582133882,0.12709849588739605,0.0,15.091032266616821
62,0.957676490747087,0.1287601715356818,0.0,17.118672370910645
63,0.9585903586931689,0.1260942735438262,0.0,15.265362739562988
64,0.9576193740004569,0.1274835863420922,0.0,17.020540237426758
65,0.9601325108521819,0.12187573270889064,0.0,15.388756275177002
66,0.9576193740004569,0.12615165941834947,0.0,17.088462829589844
67,0.9598469271190313,0.12095482444573886,0.0,15.156409502029419
68,0.9613890792780443,0.11665614123871854,0.0,16.82523274421692
69,0.9600753941055518,0.11882264263317423,0.0,14.945392608642578
70,0.9621315969842358,0.1134006861591801,0.0,16.78647494316101
71,0.962759881197167,0.11129796949969711,0.0,15.290090799331665
72,0.9623029472241261,0.11314941162879659,0.0,16.898982763290405
73,0.9625885309572767,0.11271195108252757,0.0,15.606103897094727
74,0.9628741146904273,0.11123069713353947,0.0,16.848379373550415
75,0.9636737491432488,0.10954897630537938,0.0,15.585572481155396
76,0.9668722869545351,0.10284032396299458,0.0,16.820987701416016
77,0.9636166323966187,0.10946658897896216,0.0,15.538950681686401
78,0.9618460132510852,0.11229460062881227,0.0,16.580392599105835
79,0.9645305003427005,0.10630072560503488,0.0,15.28976583480835
80,0.9619602467443454,0.11174109581661469,0.0,16.488917112350464
81,0.9648732008224812,0.1042638060871607,0.0,15.254909992218018
82,0.9667580534612749,0.09993924922621127,0.0,16.694064140319824
83,0.9664153529814942,0.10116281455926542,0.0,15.600480318069458
84,0.9664153529814942,0.10001516229429343,0.0,16.711272716522217
85,0.9676719214073566,0.09746967225706502,0.0,15.689865827560425
86,0.9652159013022619,0.10216798762779083,0.0,16.733001232147217
87,0.9661297692483436,0.09958123386503348,0.0,15.67989993095398
88,0.9685857893534384,0.09560071953358859,0.0,16.570603132247925
89,0.9679575051405072,0.09582305458649572,0.0,15.302968740463257
90,0.9671007539410555,0.09679696305952903,0.0,16.354671955108643
91,0.9671578706876857,0.09684932989914909,0.0,15.505868673324585
92,0.9687571395933288,0.0917479995832514,0.0,16.42677116394043
93,0.9675576879140965,0.09407612981546129,0.0,15.724519968032837
94,0.9680717386337674,0.09356408653993988,0.0,16.55587124824524
95,0.9694425405528901,0.09074547666499336,0.0,16.045511722564697
96,0.9675576879140965,0.09498401161368601,0.0,16.49792242050171
97,0.9689284898332191,0.09099506530603169,0.0,16.083986282348633
98,0.9692711903129998,0.09121649253406584,0.0,16.39372682571411
99,0.9697852410326708,0.08850859996695959,0.0,15.91037392616272
100,0.9701279415124514,0.08653743563143312,0.0,16.11210823059082
101,0.9692711903129998,0.08910909024880033,0.0,15.967798948287964
102,0.9684144391135481,0.09232742954069972,0.0,16.032341718673706
103,0.9690427233264793,0.08977415194314106,0.0,16.1844322681427
104,0.9683002056202878,0.0906003082524265,0.0,15.987334251403809
105,0.9690427233264793,0.08942540391071468,0.0,16.45323634147644
106,0.9681288553803975,0.08963259208356956,0.0,16.106099128723145
107,0.9703564084989719,0.08780892403880156,0.0,16.475187063217163
108,0.9696710075394106,0.08738054143307546,0.0,15.95827054977417
109,0.9705848754854923,0.08633223153988634,0.0,16.351816415786743
110,0.968357322366918,0.08981967557233232,0.0,15.871092557907104
111,0.9710989262051634,0.08434223066095743,0.0,16.308582067489624
112,0.9707562257253827,0.08480608928513056,0.0,15.5914888381958
113,0.9705277587388622,0.08515577692880179,0.0,16.347498655319214
114,0.9719556774046151,0.08116628350382793,0.0,15.665848731994629
115,0.9705848754854923,0.08496528211385374,0.0,16.48557472229004
116,0.9711560429517935,0.08159876455118846,0.0,15.7080078125
117,0.9716700936714645,0.08105838372924723,0.0,16.62264323234558
118,0.9707562257253827,0.08322305133396782,0.0,15.76005244255066
119,0.971441626684944,0.08118848775167153,0.0,16.779195070266724
120,0.9717843271647247,0.07984302505623321,0.0,15.619816064834595
121,0.9717272104180946,0.07916355466823145,0.0,16.507956743240356
122,0.9713273931916838,0.08076568734242186,0.0,15.609858512878418
123,0.9720699108978753,0.07814926848581696,0.0,16.25117015838623
124,0.9727553118574366,0.07724299415102252,0.0,15.474755764007568
125,0.9726410783641763,0.0779071079410364,0.0,16.544554948806763
126,0.9728695453506968,0.07671671413351294,0.0,15.58253788948059
127,0.973440712816998,0.07441067425218235,0.0,16.61838173866272
128,0.9725268448709161,0.07699917527828774,0.0,15.718617677688599
129,0.9729266620973269,0.07412807493346502,0.0,16.71721339225769
130,0.972469728124286,0.07587483068582619,0.0,15.697552919387817
131,0.9738405300434088,0.07088703988903514,0.0,16.50024700164795
132,0.9732122458304775,0.07366181475305775,0.0,15.438300132751465
133,0.973440712816998,0.07196675160220303,0.0,16.397144079208374
134,0.9728124286040667,0.07592240489338742,0.0,15.461009502410889
135,0.972983778843957,0.07431881381641466,0.0,16.297484636306763
136,0.9732693625771076,0.07329669866776906,0.0,15.650094985961914
137,0.9730980123372173,0.07418443614651933,0.0,16.573362350463867
138,0.9740118802832991,0.07141166165800467,0.0,15.80608081817627
139,0.9734978295636281,0.0712598649303977,0.0,17.131189346313477
140,0.9736120630568883,0.0711553835784944,0.0,16.172451734542847
141,0.9741261137765593,0.07023928739222286,0.0,17.144519329071045
142,0.9729266620973269,0.07218488135799435,0.0,16.097566843032837
143,0.9736691798035184,0.0708416227729373,0.0,17.279028177261353
144,0.9737262965501485,0.07070000566181477,0.0,15.767716884613037
145,0.9728695453506968,0.07250247088987906,0.0,16.573357343673706
146,0.97452593100297,0.06816230121775722,0.0,15.70314908027649
147,0.973954763536669,0.06905495449486945,0.0,17.008082151412964
148,0.9743545807630797,0.06965189892564862,0.0,15.755664348602295
149,0.9734978295636281,0.07109910732353303,0.0,16.817880153656006
150,0.9740118802832991,0.06970363093737954,0.0,15.731295108795166
151,0.9741832305231894,0.06905281193236558,0.0,16.96974468231201
152,0.9745830477496001,0.06770384950835612,0.0,15.587871313095093
153,0.9743545807630797,0.06845949809981514,0.0,16.640218496322632
154,0.9743545807630797,0.06799624499756209,0.0,15.468116760253906
155,0.9737262965501485,0.0682566027775544,0.0,16.5965256690979
156,0.9744116975097098,0.06732290772809406,0.0,15.287150144577026
157,0.9750970984692712,0.06593583945875985,0.0,16.61963415145874
158,0.9749828649760109,0.06609952488659956,0.0,15.566946744918823
159,0.9750970984692712,0.06559446235792313,0.0,16.79500913619995
160,0.9752113319625314,0.06442029088115746,0.0,15.665150165557861
161,0.9752684487091615,0.06422987205565535,0.0,16.91253662109375
162,0.9758967329220928,0.06321591321575103,0.0,15.765271663665771
163,0.9749828649760109,0.06553257969218042,0.0,16.864228010177612
164,0.9752113319625314,0.06494916139590531,0.0,15.750812530517578
165,0.9763536668951337,0.062194796528780086,0.0,17.070526361465454
166,0.976010966415353,0.06305492625463849,0.0,16.441834926605225
167,0.9748115147361206,0.0651419599758557,0.0,16.752206325531006
168,0.9748686314827507,0.06452405925397979,0.0,18.388269662857056
169,0.9771533013479552,0.059960606596598694,0.0,20.720046043395996
170,0.9756111491889422,0.06386923365999785,0.0,21.381956100463867
171,0.9756682659355723,0.06356642595187866,0.0,20.041285753250122
172,0.9757824994288326,0.06360472405270348,0.0,19.69365644454956
173,0.9755540324423121,0.06323916150151788,0.0,21.384655475616455
174,0.9748115147361206,0.06465325200461702,0.0,19.337483882904053
175,0.9750970984692712,0.06531701837454858,0.0,20.154120922088623
176,0.9754397989490519,0.06392659155541865,0.0,20.784807443618774
177,0.9751542152159013,0.06367819069649137,0.0,19.560927629470825
178,0.9759538496687229,0.060977699181631935,0.0,20.503445625305176
179,0.9757824994288326,0.06109095083777222,0.0,20.544066429138184
180,0.9757824994288326,0.06132447431760506,0.0,19.74982714653015
181,0.9761251999086132,0.06084168854280903,0.0,21.261125802993774
182,0.9764679003883939,0.06090985660484659,0.0,20.501383781433105
183,0.9756111491889422,0.06244890976474366,0.0,20.38243818283081
184,0.9774388850811058,0.05790237620541408,0.0,22.255157709121704
185,0.9767534841215444,0.058979084018121374,0.0,20.18308115005493
186,0.9760680831619831,0.06141500799365597,0.0,20.372873544692993
187,0.9759538496687229,0.06139278553122597,0.0,21.151309490203857
188,0.9758967329220928,0.06106746868353764,0.0,20.14838671684265
189,0.9761251999086132,0.06154384886526718,0.0,19.986643075942993
190,0.976010966415353,0.0627034496097256,0.0,21.63456964492798
191,0.9771533013479552,0.05905059249513399,0.0,19.689615726470947
192,0.9768677176148046,0.058192776917218615,0.0,21.395244121551514
193,0.9773817683344757,0.05683088330400197,0.0,17.573005437850952
194,0.9774388850811058,0.057635493094834206,0.0,19.626078128814697
195,0.9762965501485036,0.06091883812887865,0.0,19.85922932624817
196,0.9770961846013251,0.05689488170540076,0.0,21.99243998527527
197,0.9769248343614347,0.05702576756298949,0.0,18.901623725891113
198,0.9769819511080648,0.05719056862835636,0.0,16.22240114212036
199,0.9769819511080648,0.057962606647694315,0.0,15.993210315704346
200,0.9766963673749143,0.05812476003172954,0.0,15.849189519882202
