round,median_client_loss,lg_ema,test_acc,train_loss,avg_mu,time_cost
0,2.3085083961486816,2.3085083961486816,0.058376649340263896,2.312712639257485,0.05000000000000001,0.0
1,2.1450458765029907,2.2921621441841125,0.22379619580739132,2.17220597154788,0.05000000000000001,112.62801718711853
2,1.8155516982078552,2.2445010995864867,0.31416005026560806,1.9423696487556317,0.06299034349702759,131.76263618469238
3,1.4322590231895447,2.1632768919467926,0.3947563831610213,1.6104500536255835,0.06871549950321683,135.25281286239624
4,1.2943569421768188,2.0763848969697953,0.46301479408236706,1.3876507553554314,0.07210084965225176,136.1400625705719
5,1.1287111341953278,1.9816175206923488,0.5155652024904324,1.2149124269115519,0.07483130918737874,137.456552028656
6,1.0144155025482178,1.8848973188779357,0.555149368823899,1.1252008148406303,0.07653844051062617,135.73335146903992
7,1.0019627809524536,1.7966038650853875,0.5890215342434455,1.035633161250325,0.07784372477073051,135.0322916507721
8,0.8283508718013763,1.6997785657569864,0.6159250585480094,0.9690302020172323,0.07946770040265468,133.06439065933228
9,0.7761664092540741,1.607417350106695,0.6384303421488547,0.9212117335952618,0.08114222613243423,140.02455258369446
10,0.7050148248672485,1.5171770975827505,0.6511681041868966,0.8884375423258372,0.08364083083335819,133.94749760627747
11,0.7405718266963959,1.4395165704941153,0.6548237847718056,0.8678302142276516,0.0866509368590688,136.40815806388855
12,0.702392965555191,1.3658042100002228,0.6591077854572457,0.8548662657359929,0.0884789443144128,136.31025671958923
13,0.7225728034973145,1.301481069349932,0.6536813845890216,0.8634123968504592,0.09379289339645372,135.46741247177124
14,0.6038665175437927,1.2317196141693179,0.6687039469926315,0.8159260400012064,0.09531316080850194,141.27512192726135
15,0.7094050943851471,1.1794881621909008,0.6741303478608557,0.8078680696387744,0.09873709640955619,135.64714741706848
16,0.677851527929306,1.1293244987647413,0.6729879476780716,0.803383366856422,0.10198260161501968,139.8391034603119
17,0.7069347500801086,1.087085523896278,0.6737876278060204,0.7966638937428312,0.10717679899730284,135.97949695587158
18,0.6216647922992706,1.0405434507365774,0.6791569086651054,0.7821408590919199,0.10858950968532258,132.36360216140747
19,0.5684210062026978,0.9933312062831894,0.6775004284000685,0.7834339849373648,0.11371220061182355,133.21031212806702
20,0.5814276933670044,0.9521408549915709,0.6829268292682927,0.7738392958600565,0.12071121430163037,133.8172960281372
21,0.5404829680919647,0.9109750663016102,0.6888673102187697,0.7543172315456097,0.12384989824224872,133.4726459980011
22,0.574184000492096,0.8772959597206588,0.6917804306848689,0.748514215057466,0.1290485106847606,128.70696425437927
23,0.5665750801563263,0.8462238717642255,0.6928657108585138,0.7442388601124534,0.13576403095896986,132.4462423324585
24,0.49670422077178955,0.811271906664982,0.6906951505112241,0.7385285009388887,0.14261442840208333,131.85401272773743
25,0.5340288281440735,0.783547598812891,0.6915519506483121,0.7394689849946215,0.1535778451061272,134.41895079612732
26,0.6551302373409271,0.7707058626656947,0.7047466727594677,0.7173531016048262,0.15934328321788838,127.4927875995636
27,0.49346183240413666,0.7429814596395389,0.7052607528417204,0.7106931602126181,0.1667296910360205,130.45613169670105
28,0.5831089019775391,0.7269942038733389,0.7073170731707317,0.7092819208424699,0.17696379725488848,133.06929397583008
29,0.49376600980758667,0.7036713844667637,0.6985777117724339,0.7134366371653593,0.18103835441990726,126.8228497505188
30,0.5202025473117828,0.6853245007512656,0.7048609127777461,0.7063954904163443,0.18099919929307412,132.2789750099182
31,0.5679170787334442,0.6735837585494835,0.7093733934997429,0.69496228221776,0.18136929863657816,131.26352190971375
32,0.49606455862522125,0.6558318385570573,0.7141714742674359,0.6907247915050394,0.1846665569864216,131.67257070541382
33,0.506657138466835,0.6409143685480351,0.7214257154281145,0.6762982001147867,0.19458860318796917,128.94839024543762
34,0.5112735331058502,0.6279502850038167,0.7227394756383161,0.669517609457594,0.20125656193326164,133.4034481048584
35,0.5199036747217178,0.6171456239756068,0.7180556348889016,0.6788666149598075,0.2016905504571817,133.36071395874023
36,0.4671226441860199,0.6021433259966481,0.7246815559490489,0.6673018572751127,0.19982807039580522,130.11875438690186
37,0.4798120707273483,0.5899102004697181,0.7158279545324727,0.6886055706035955,0.19995129807004838,127.6807816028595
38,0.4506012052297592,0.5759793009457223,0.7282801165248186,0.6575115091622901,0.2045658583658057,131.39128065109253
39,0.43988221883773804,0.5623695927349238,0.7227965956474554,0.6641342437549574,0.20775014117775284,132.04800176620483
40,0.40051713585853577,0.546184347047285,0.7338207574113211,0.6507450336345917,0.21167616146054918,131.7802333831787
41,0.45272332429885864,0.5368382447724424,0.7291369166619067,0.651490442605293,0.21363804622886975,130.9741861820221
42,0.4435025453567505,0.5275046748308732,0.7311932369909179,0.6459222158711843,0.2172095506239521,111.37684392929077
43,0.49801214039325714,0.5245554213871115,0.7370765979322557,0.640128955282024,0.2196405629562168,46.27453351020813
44,0.43201810121536255,0.5153016893699367,0.7305649168903867,0.6527301003020793,0.22209016017189026,46.637282609939575
45,0.45499157905578613,0.5092706783385217,0.7321071571371451,0.644419141031922,0.22254607349957328,45.70810675621033
46,0.41309860348701477,0.49965347085337103,0.7400468384074942,0.637070626529396,0.22446267634851216,46.4770941734314
47,0.40497544407844543,0.49018566817587844,0.7368481178956988,0.6291768683476012,0.22202499832518904,45.5402410030365
48,0.4291406273841858,0.4840811640967092,0.7450733992117439,0.6254365856007826,0.22980860025875804,46.445353507995605
49,0.47645553946495056,0.48331860163353335,0.7430170788827326,0.6209992594787658,0.23165417504019375,45.57071876525879
50,0.45721079409122467,0.48070782087930247,0.7526703604272577,0.6042400017117431,0.2342392795874936,46.3069281578064
51,0.4132288843393326,0.47395992722530544,0.7474153195864511,0.6134137788361528,0.23436334235339323,47.064419984817505
52,0.3782753199338913,0.46439146649616403,0.742560118809619,0.6237650736503669,0.23086064383198407,45.21138048171997
53,0.3641873300075531,0.45437105284730295,0.7520420403267265,0.6060044730229095,0.2296399349348715,45.89515495300293
54,0.4053304195404053,0.4494669895166132,0.7591820414691266,0.5942672673464721,0.22919525901913707,46.2046058177948
55,0.43514324724674225,0.44803461528962607,0.7620951619352259,0.587917245587005,0.23640593600313103,46.14932942390442
56,0.407326340675354,0.4439637878281989,0.7628377220540355,0.5853479814848896,0.23367353465488053,46.842005014419556
57,0.3707762360572815,0.43664503265110716,0.7525561204089792,0.6078272293316246,0.23148446832628394,45.545717000961304
58,0.40404340624809265,0.43338487001080567,0.7634660421545667,0.5863022349103167,0.2431401331343362,46.79307699203491
59,0.4170617610216141,0.4317525591118865,0.7706060432969669,0.5716913077326669,0.23964569080319603,46.83251762390137
60,0.39183951914310455,0.4277612551150083,0.7716342034614726,0.5709663047593135,0.2487375864181783,45.45044422149658
61,0.4307759702205658,0.428062726625564,0.7721482835437253,0.5695025050854028,0.2471423193302828,47.13216686248779
62,0.4347276985645294,0.42872922381946055,0.7627234820357571,0.5847799818205325,0.24564594111843308,45.752713680267334
63,0.377188578248024,0.42357515926231687,0.757582681213229,0.596050970174087,0.2468604391362485,45.59729623794556
64,0.38401126861572266,0.4196187701976575,0.7605529216884674,0.5898872577225484,0.24341086141751025,45.75983738899231
65,0.35132360458374023,0.4127892536362658,0.7608956417433027,0.5848800182218046,0.24000072125194624,45.247833490371704
66,0.393033429980278,0.410813671270667,0.7715770834523333,0.5663598435908473,0.2371474474369545,46.68693399429321
67,0.37931719422340393,0.40766402356594067,0.7739761238361799,0.5604157996804449,0.2377339883769572,45.200429916381836
68,0.4014304280281067,0.40704066401215727,0.775175644028103,0.5633247272485383,0.24349775200697424,46.17638397216797
69,0.3844229131937027,0.40477888893031183,0.7748329239732679,0.5626810279692342,0.24007808090299934,46.36310291290283
70,0.34341078996658325,0.398642079033939,0.7747758039641286,0.5548993914624161,0.2409924036704325,44.86267876625061
71,0.35002119839191437,0.39377999096973654,0.7839721254355401,0.5459912163339496,0.2404086137319254,46.87901759147644
72,0.33673301339149475,0.38807529321191236,0.7761466841834694,0.5534554496216787,0.24864999666413445,45.03093600273132
73,0.36296346783638,0.38556411067435914,0.7768892443022791,0.5538600291119997,0.24966692331265877,46.96740245819092
74,0.39320048689842224,0.38632774829676547,0.7770034843205574,0.5565003980750295,0.2483949938655085,46.463643074035645
75,0.31397034227848053,0.379092007694937,0.7792311646769864,0.5481502945876334,0.2553536563274532,46.13490033149719
76,0.346676841378212,0.3758504910632645,0.7828297252527561,0.5463164032894159,0.2553295747853478,46.65750312805176
77,0.3692585378885269,0.3751912957457908,0.7834009253441481,0.546511363362061,0.25700399857468464,45.232564210891724
78,0.29668621718883514,0.3673407878900952,0.7867710058833609,0.539025511225905,0.25271165057784317,45.38885688781738
79,0.3821187913417816,0.36881858823526387,0.7944822071171531,0.5214873802463758,0.25426249052902417,32.83918213844299
80,0.33860932290554047,0.3657976617022915,0.7930542068886731,0.5263501423388842,0.24768600531394455,13.967138290405273
81,0.4002281129360199,0.36924070682566434,0.793853887016622,0.5197527700889911,0.2528368588914351,13.992124795913696
82,0.3620409071445465,0.36852072685755255,0.7963671674187468,0.5205447901311054,0.2502698351875331,14.039661645889282
83,0.3084718585014343,0.3625158400219407,0.7916833266693323,0.5286201217679694,0.24542978692449494,14.137001037597656
84,0.3870406299829483,0.36496831901804144,0.8017935682869709,0.513870368742956,0.2513595378771066,13.982723236083984
85,0.35419000685214996,0.3638904878014523,0.7978522876563661,0.5102354009131972,0.24748580875921444,13.95177960395813
86,0.3395857512950897,0.361460014150816,0.8008796481407437,0.5103192929392241,0.2480512847171942,13.972179412841797
87,0.35864463448524475,0.36117847618425886,0.8014508482321357,0.5103831470617765,0.2558842133045863,13.918848276138306
88,0.3910074979066849,0.3641613783565014,0.7978522876563661,0.5169726502336726,0.261442910620447,14.07431411743164
89,0.33101464807987213,0.3608467053288385,0.7998514879762381,0.5117613570368794,0.25538788169235777,14.031681537628174
90,0.3269079476594925,0.35745282956190394,0.7992231678757069,0.5080994967259522,0.256706429593997,13.95236349105835
91,0.3384317606687546,0.355550722672589,0.8085337293653967,0.4943135230222752,0.24675196680785172,14.058703422546387
92,0.346531480550766,0.3546487984604067,0.8055634888901583,0.4966175640486346,0.25337399449043013,13.94079852104187
93,0.3376099467277527,0.3529449132871413,0.8061918089906894,0.4958702128210391,0.2506215349974613,13.92388367652893
94,0.350673571228981,0.3527177790813253,0.8127034900325584,0.48201220743731804,0.25249156953929697,13.923171520233154
95,0.4110598713159561,0.35855198830478835,0.8109327697492431,0.4910292986238611,0.26025977383361854,13.96843695640564
96,0.3398169130086899,0.3566784807751785,0.805220768835323,0.4967981006394699,0.2536986982732014,14.061522483825684
97,0.355227068066597,0.35653333950432037,0.810304449648712,0.48625777741553405,0.24839571050037965,13.89905595779419
98,0.378601536154747,0.358740159169363,0.8099046095847375,0.48780106907334325,0.2519352416907458,14.008674621582031
99,0.3105303794145584,0.35391918119388255,0.8082481293197007,0.4881541555254285,0.24352785990444606,13.92491602897644
100,0.30784325301647186,0.3493115883761415,0.804649568743931,0.496811141839857,0.23690446610527505,13.954054117202759
101,0.3042124956846237,0.3448016791069897,0.8124750099960016,0.4849166137800286,0.24340610798541204,13.925106763839722
102,0.3126288056373596,0.3415843917600267,0.8011081281773005,0.5010427399855581,0.24210296929341957,13.859224796295166
103,0.3667249381542206,0.3440984463994461,0.811732449877192,0.4857971602551548,0.250722819141399,14.04777979850769
104,0.3307342678308487,0.3427620285425863,0.8111041297766608,0.4893274505530678,0.24863889151060112,13.906147003173828
105,0.3331588953733444,0.3418017152256621,0.8100759696121551,0.48709382039954585,0.24449168642236674,13.891187906265259
106,0.29464033246040344,0.33708557694913627,0.8164162906266065,0.4731425459579801,0.2437275550213868,13.946324348449707
107,0.30183637142181396,0.3335606563964041,0.8164734106357457,0.47797564884372995,0.24184291177250183,13.961425304412842
108,0.2952665388584137,0.32973124464260506,0.8155023704803793,0.47297250766303806,0.2448958623254387,13.966798543930054
109,0.3486783653497696,0.3316259567133215,0.8075055692008911,0.4897089531690287,0.25471349737850285,13.878764390945435
110,0.29278725385665894,0.3277420864276553,0.8131033300965328,0.4771130551976381,0.2581929334984756,13.945965766906738
111,0.2645658105611801,0.3214244588410078,0.8133889301422288,0.47592174800685827,0.254213477615789,13.840540885925293
112,0.2806209325790405,0.3173441062148111,0.8155023704803793,0.4726397144262841,0.2554690447101332,13.926530361175537
113,0.35089099407196045,0.320698795000526,0.8099046095847375,0.4843245746828014,0.26754182163946005,14.009078979492188
114,0.3047682046890259,0.319105735969376,0.8178442908550866,0.4707280209992518,0.2650464506728104,13.933887481689453
115,0.2970198690891266,0.31689714928135104,0.8195578911292626,0.4659262806963359,0.260257891439385,14.039405822753906
116,0.4094327837228775,0.32615071272550367,0.8191580510652882,0.46638112961510586,0.27131531214405513,14.045594930648804
117,0.3544187396764755,0.32897751542060083,0.8208716513394642,0.46096686623892874,0.25987035804056513,13.94092059135437
118,0.307201087474823,0.32679987262602306,0.819100931056149,0.4674180674540626,0.2546685816238869,13.916885614395142
119,0.3209564685821533,0.3262155322216361,0.8206431713029074,0.4640696188104632,0.2509782774264039,13.943683385848999
120,0.3014017939567566,0.32373415839514813,0.8221282915405267,0.46308530182945673,0.25223552552773093,13.963457345962524
121,0.31092222034931183,0.3224529645905645,0.8179585308733649,0.4676550222702176,0.25611221155993213,13.893326044082642
122,0.37116047739982605,0.3273237158714907,0.8184726109556177,0.46364207343473063,0.2643097586724728,13.950101852416992
123,0.3158058077096939,0.326171925055311,0.8250985320157651,0.45667156021012084,0.2656193062243576,13.941691875457764
124,0.2721932977437973,0.32077406232415967,0.8334380533500886,0.43931247714582217,0.2556138441823975,13.910479307174683
125,0.3364845812320709,0.3223451142149508,0.8277260524361684,0.4485217694332974,0.25541270391176124,14.053738832473755
126,0.33607301115989685,0.32371790390944544,0.8254412520706004,0.4526295031013422,0.26301707151885145,13.94071650505066
127,0.34205228090286255,0.3255513416087872,0.8221282915405267,0.46178653122761376,0.2630962109703948,13.901907920837402
128,0.30698056519031525,0.32369426396694,0.8278402924544468,0.45364539285617733,0.24823504278726155,14.030164241790771
129,0.3569762855768204,0.32702246612792807,0.8231564517050323,0.45784705310519336,0.25914883281741585,13.880841255187988
130,0.33168044686317444,0.3274882642014527,0.8276689324270292,0.453592159198832,0.25201232698905324,13.912019491195679
131,0.30610227584838867,0.3253496653661463,0.8279545324727252,0.45052273326145703,0.24654411687850214,13.916361331939697
132,0.2817845940589905,0.3209931582354307,0.825898212143714,0.44553774259540635,0.2476799625793289,14.089367866516113
133,0.33344823122024536,0.3222386655339121,0.8227566116410578,0.45473357569013423,0.24422403676592,13.967970848083496
134,0.32594190537929535,0.3226089895184504,0.821385731421717,0.4587187435740992,0.2495933748983962,13.973659753799438
135,0.31682950258255005,0.3220310408248604,0.8250985320157651,0.4515372569127015,0.247827989060689,13.991024732589722
136,0.295367106795311,0.3193646474219054,0.8224710115953618,0.45395926259716185,0.24501423595161897,13.926018476486206
137,0.3200819045305252,0.3194363731327674,0.8285257325641172,0.44666556557819825,0.25242496738145215,13.99385404586792
138,0.3067000061273575,0.3181627364322264,0.8282972525275604,0.4464617417783721,0.24652152490879167,13.997777462005615
139,0.3098927140235901,0.3173357341913628,0.8235562917690067,0.45424316762546335,0.25018479937175025,13.921408653259277
140,0.2714523375034332,0.31274739452256983,0.8229279716684754,0.45114005729516654,0.24367460390331536,13.89298129081726
141,0.2897695004940033,0.3104496051197132,0.8277260524361684,0.44815696788120496,0.2478620653102926,13.913267374038696
142,0.2927069514989853,0.3086753397576404,0.826469412235106,0.4495086269276232,0.25077668594805136,13.966037034988403
143,0.297869548201561,0.30759476060203245,0.8326954932312789,0.43388137526824544,0.24981788712849293,13.969918489456177
144,0.33308617770671844,0.31014390231250105,0.83189581310333,0.43280914269804294,0.2529180245742778,13.936467409133911
145,0.29431815445423126,0.3085613275266741,0.8269263723082195,0.44614805363676563,0.25363266575958726,14.06696343421936
146,0.3134721964597702,0.3090524144199837,0.8283543725366996,0.4401180011567645,0.25117222845701037,13.948103189468384
147,0.3257359266281128,0.31072076564079665,0.8308676529388245,0.4367519604896423,0.24983102621928693,13.890719413757324
148,0.27976083755493164,0.3076247728322101,0.83189581310333,0.4340675880829091,0.24824789487103754,13.962355375289917
149,0.3254590779542923,0.3094082033444183,0.8266407722625235,0.4449161146745249,0.25126579930332815,13.907562971115112
150,0.3197779208421707,0.31044517509419356,0.8360655737704918,0.43003015249636145,0.26878413454270206,13.997684478759766
151,0.2697301208972931,0.3063736696745035,0.8295538927286228,0.44028504638217,0.254467799137878,13.893293619155884
152,0.30418582260608673,0.30615488496766186,0.830182212829154,0.44110632908254716,0.25384836185178294,13.914691925048828
153,0.25840573757886887,0.3013799702287826,0.8282401325184212,0.44122510228590545,0.24147402840451374,13.886674880981445
154,0.32559771835803986,0.30380174504170837,0.825898212143714,0.446476772287395,0.25693819788135097,13.87755012512207
155,0.2728383392095566,0.30070540445849314,0.8284686125549781,0.44179338917496597,0.25469265106712935,13.880446910858154
156,0.26387282460927963,0.29702214647357184,0.8308676529388245,0.4331991154110622,0.24767238821823856,13.907301187515259
157,0.3397608697414398,0.3012960188003586,0.8336665333866453,0.427841267521966,0.2653538588307233,13.8860182762146
158,0.26545361429452896,0.2977117783497757,0.8326954932312789,0.4264548577222783,0.2557291877514197,13.929874181747437
159,0.28874918818473816,0.29681551933327194,0.836693893871023,0.42056763539666453,0.25160570149437644,13.924290180206299
160,0.3050418496131897,0.29763815236126373,0.836979493916719,0.42175837306716496,0.2620112408105037,13.844382762908936
161,0.3058633804321289,0.29846067516835023,0.8342948534871766,0.4241721134237689,0.258113920540479,13.940137386322021
162,0.2717147767543793,0.29578608532695316,0.8389215742274518,0.41445818061208634,0.2518418248578866,13.946788787841797
163,0.3205805718898773,0.2982655339832456,0.8342948534871766,0.42744488983003004,0.25730177913372027,14.012474536895752
164,0.2877542972564697,0.297214410310568,0.8320671731307477,0.43060345966712843,0.26283704015420295,13.96160101890564
165,0.29992151260375977,0.2974851205398872,0.834123493459759,0.4262836519450786,0.2668442995552446,13.907177925109863
166,0.28023795783519745,0.2957604042694182,0.8339521334323413,0.4252452633709377,0.2614512141729086,13.879066944122314
167,0.36259664595127106,0.3024440284376035,0.8326954932312789,0.4300969479679652,0.272545489064831,13.917253017425537
168,0.3155486583709717,0.3037544914309403,0.834409093505455,0.4240885131270585,0.2730361207174376,14.002427577972412
169,0.26081255823373795,0.29946029811122005,0.8357228537156566,0.4228448331752201,0.26479956609270683,14.066069602966309
170,0.33073394000530243,0.3025876623006283,0.8358942137430742,0.42372599904688196,0.26869953674248237,13.903332233428955
171,0.3017173856496811,0.30250063463553356,0.8392642942822871,0.4151125746213063,0.2653058703379471,14.012604236602783
172,0.3086080402135849,0.3031113751933387,0.8402353344376535,0.4125402188077068,0.2609454127750293,13.905722618103027
173,0.274358868598938,0.30023612453389864,0.837836294053807,0.41629388963208325,0.2536774065508335,13.913605451583862
174,0.34196606278419495,0.30440911835892825,0.8386930941908951,0.41319293328152207,0.26485194738671497,13.916312217712402
175,0.2525170296430588,0.29921990948734134,0.8417775746844119,0.40876593661785154,0.26105640736678176,13.907799005508423
176,0.2546134367585182,0.29475926221445903,0.8394927743188438,0.4140165832645613,0.25627160209174027,13.923182010650635
177,0.25726354122161865,0.29100969011517497,0.8394356543097047,0.4142733438978487,0.25819080694996366,14.039484024047852
178,0.3162010610103607,0.29352882720469353,0.8382932541269207,0.41469479139327753,0.26453639802103873,14.130811929702759
179,0.2619551122188568,0.2903714557061099,0.835837093733935,0.42247862637071704,0.26172333483012633,13.928468227386475
180,0.2825037091970444,0.28958468105520335,0.8382932541269207,0.4187092411101692,0.25510719729384534,13.916645526885986
181,0.27636897563934326,0.28826311051361736,0.8379505340720854,0.41517910476700187,0.2542006654127968,13.904560327529907
182,0.2932068556547165,0.28875748502772725,0.8392071742731478,0.4126390048369811,0.25682666766790785,13.990691661834717
183,0.26889145374298096,0.28677088189925265,0.8360655737704918,0.4207209075298163,0.2559900948742237,13.963838338851929
184,0.2904656082391739,0.28714035453324477,0.8406922945107671,0.409144377902334,0.25548244776100004,13.893006086349487
185,0.25891783833503723,0.284318102913424,0.8388073342091735,0.4126278514011269,0.24982490612927905,13.948369026184082
186,0.29052427411079407,0.284938720033161,0.8405780544924887,0.4084911611208422,0.2475828713645678,13.904850959777832
187,0.31220437586307526,0.28766528561615246,0.8383503741360598,0.41518698204811066,0.25828797831901934,13.915821075439453
188,0.2726012319326401,0.28615888024780123,0.8401782144285143,0.41023688324799457,0.2594266615774147,13.909498929977417
189,0.26639313995838165,0.2841823062188593,0.844919175187068,0.400140548757309,0.2480499778202896,13.910068035125732
190,0.2993493527173996,0.28569901086871335,0.8362369337979094,0.4179000824985583,0.2539981109166741,13.921341180801392
191,0.24920422583818436,0.28204953236566044,0.8349231735877077,0.42247625755612156,0.2489923918084676,13.978126764297485
192,0.29791082441806793,0.2836356615709012,0.8429199748671959,0.4027395621598368,0.2545764992609613,13.946496486663818
193,0.24475527554750443,0.2797476229685615,0.8394927743188438,0.4091812482864392,0.2517576522925482,13.999942541122437
194,0.25801411271095276,0.2775742719428006,0.8398354943736791,0.409410295842561,0.24838604479673632,13.930995464324951
195,0.33486776053905487,0.283303620802426,0.8441194950591192,0.40219826360934186,0.27118563271344104,13.874304294586182
196,0.27118751406669617,0.282092010128853,0.8433198149311704,0.4041114705893442,0.2666010574646225,13.939313650131226
197,0.25713109970092773,0.2795959190860605,0.8404638144742104,0.4088746469509199,0.2656023777946757,13.976822137832642
198,0.24824158847332,0.27646048602478646,0.8401782144285143,0.40853202105148906,0.2642765340419285,13.914980173110962
199,0.23711248487234116,0.27252568590954196,0.8332666933226709,0.42392478488420177,0.25675326681063304,13.937664031982422
200,0.22885512560606003,0.26815862987919376,0.8400068544010967,0.40965841175002154,0.24190847121741177,13.930893659591675
