round,test_acc_global,train_loss_global,test_acc_personalized,train_loss_personalized,mu,time_cost
0,0.058376649340263896,2.3127055686749793,0.058376649340263896,2.3127055686749793,0.0,0.0
1,0.9052379048380648,0.3021371449320026,0.9052379048380648,0.3021371449320026,0.0,15.908141613006592
2,0.9304278288684527,0.21259165290382623,0.9304278288684527,0.21259165290382623,0.0,15.771945476531982
3,0.9418518306962929,0.18000247611420114,0.9418518306962929,0.18000247611420114,0.0,15.728908777236938
4,0.9461929513908722,0.15787421567206653,0.9461929513908722,0.15787421567206653,0.0,16.605905532836914
5,0.9485919917747186,0.14573677143259384,0.9485919917747186,0.14573677143259384,0.0,22.97301745414734
6,0.9463643114182898,0.14288036347389732,0.9463643114182898,0.14288036347389732,0.0,28.476123332977295
7,0.9530473524875764,0.12118034641712125,0.9530473524875764,0.12118034641712125,0.0,27.40803837776184
8,0.9533329525332724,0.11722880756226771,0.9533329525332724,0.11722880756226771,0.0,29.58578872680664
9,0.9564745530359284,0.1104547356873262,0.9564745530359284,0.1104547356873262,0.0,28.899158000946045
10,0.9573884731821557,0.10604327291229691,0.9573884731821557,0.10604327291229691,0.0,27.985586404800415
11,0.9585308733649397,0.10133990105699515,0.9585308733649397,0.10133990105699515,0.0,27.49777317047119
12,0.960587193693951,0.10079736000973319,0.960587193693951,0.10079736000973319,0.0,28.779044151306152
13,0.9617295938767351,0.09392255193873632,0.9617295938767351,0.09392255193873632,0.0,28.78223419189453
14,0.9612726338036214,0.09209792683395113,0.9612726338036214,0.09209792683395113,0.0,27.07302689552307
15,0.9635574341691895,0.08738434729059774,0.9635574341691895,0.08738434729059774,0.0,28.334101676940918
16,0.9617867138858742,0.08641186850854748,0.9617867138858742,0.08641186850854748,0.0,29.4285888671875
17,0.9619009539041526,0.08651766262185293,0.9619009539041526,0.08651766262185293,0.0,28.68105721473694
18,0.9647569543611128,0.08210394047363487,0.9647569543611128,0.08210394047363487,0.0,27.835181951522827
19,0.9644713543154166,0.07948311868065394,0.9644713543154166,0.07948311868065394,0.0,28.939538955688477
20,0.9633289541326326,0.08091010283964412,0.9633289541326326,0.08091010283964412,0.0,28.974671602249146
21,0.9641857542697206,0.07741739075664986,0.9641857542697206,0.07741739075664986,0.0,28.519580125808716
22,0.9645284743245559,0.07556216600085566,0.9645284743245559,0.07556216600085566,0.0,27.989802598953247
23,0.9652139144342263,0.0730434690945615,0.9652139144342263,0.0730434690945615,0.0,29.30352807044983
24,0.9666419146627063,0.06947930546067352,0.9666419146627063,0.06947930546067352,0.0,28.91715669631958
25,0.9656708745073399,0.06842026354944922,0.9656708745073399,0.06842026354944922,0.0,27.05985188484192
26,0.967955674872908,0.06356137280317692,0.967955674872908,0.06356137280317692,0.0,28.502747535705566
27,0.9675558348089336,0.06356347115731077,0.9675558348089336,0.06356347115731077,0.0,29.02819561958313
28,0.9671559947449592,0.06296424218182077,0.9671559947449592,0.06296424218182077,0.0,28.577332019805908
29,0.969098075055692,0.05905097635491897,0.969098075055692,0.05905097635491897,0.0,27.922476530075073
30,0.967955674872908,0.060476937759159036,0.967955674872908,0.060476937759159036,0.0,28.285337448120117
31,0.9686411149825784,0.05853812589024515,0.9686411149825784,0.05853812589024515,0.0,28.881126642227173
32,0.9670417547266807,0.056464262638257615,0.9670417547266807,0.056464262638257615,0.0,28.071446418762207
33,0.9680699148911864,0.05730506118115211,0.9680699148911864,0.05730506118115211,0.0,27.96036171913147
34,0.9677271948363512,0.056197224909097836,0.9677271948363512,0.056197224909097836,0.0,29.165889501571655
35,0.9677843148454903,0.05473310130283075,0.9677843148454903,0.05473310130283075,0.0,29.185086965560913
36,0.969098075055692,0.051182328611519425,0.969098075055692,0.051182328611519425,0.0,28.386051416397095
37,0.9665276746444279,0.05117892008296494,0.9665276746444279,0.05117892008296494,0.0,29.40056800842285
38,0.9684126349460216,0.04971131425936971,0.9684126349460216,0.04971131425936971,0.0,29.151398181915283
39,0.969098075055692,0.04738638168508623,0.969098075055692,0.04738638168508623,0.0,27.979978799819946
40,0.9678414348546296,0.04843852639657379,0.9678414348546296,0.04843852639657379,0.0,27.114856243133545
41,0.9697835151653624,0.04473659853241578,0.9697835151653624,0.04473659853241578,0.0,29.616323947906494
42,0.969669275147084,0.045147504069698315,0.969669275147084,0.045147504069698315,0.0,29.265753269195557
43,0.9700119952019193,0.041516328879019244,0.9700119952019193,0.041516328879019244,0.0,28.831138134002686
44,0.9705831952933113,0.040524685244766157,0.9705831952933113,0.040524685244766157,0.0,28.251256942749023
45,0.9697263951562233,0.04096207450154286,0.9697263951562233,0.04096207450154286,0.0,29.194337844848633
46,0.9694979151196664,0.04138098650550187,0.9694979151196664,0.04138098650550187,0.0,28.403316497802734
47,0.9702975952476153,0.03925784017551437,0.9702975952476153,0.03925784017551437,0.0,27.902911901474
48,0.9712115153938424,0.03732448024307391,0.9712115153938424,0.03732448024307391,0.0,29.01173496246338
49,0.9712115153938424,0.03620395058698106,0.9712115153938424,0.03620395058698106,0.0,29.46085476875305
50,0.9721825555492088,0.034776756727069556,0.9721825555492088,0.034776756727069556,0.0,29.629576921463013
51,0.9711543953847033,0.03296346718667304,0.9711543953847033,0.03296346718667304,0.0,28.958792686462402
52,0.9710401553664249,0.03500946295139479,0.9710401553664249,0.03500946295139479,0.0,29.189908742904663
53,0.9713257554121209,0.03111954282767049,0.9713257554121209,0.03111954282767049,0.0,29.918007135391235
54,0.9713828754212601,0.03173661507039086,0.9713828754212601,0.03173661507039086,0.0,28.927132606506348
55,0.9716113554578168,0.03081552815740075,0.9716113554578168,0.03081552815740075,0.0,28.75059938430786
56,0.9712686354029817,0.030364604313582243,0.9712686354029817,0.030364604313582243,0.0,29.58757972717285
57,0.9713828754212601,0.028877000086051235,0.9713828754212601,0.028877000086051235,0.0,29.05717158317566
58,0.970526075284172,0.031396546864042786,0.970526075284172,0.031396546864042786,0.0,27.282063007354736
59,0.9704118352658937,0.028629532364489618,0.9704118352658937,0.028629532364489618,0.0,28.690781831741333
60,0.9718398354943737,0.025962740302890846,0.9718398354943737,0.025962740302890846,0.0,29.59027910232544
61,0.9714971154395384,0.025841957914535283,0.9714971154395384,0.025841957914535283,0.0,29.60550355911255
62,0.9721825555492088,0.02450174996018427,0.9721825555492088,0.02450174996018427,0.0,27.89611268043518
63,0.9705831952933113,0.026390671402971147,0.9705831952933113,0.026390671402971147,0.0,29.843862056732178
64,0.9711543953847033,0.023779007860008965,0.9711543953847033,0.023779007860008965,0.0,29.305067539215088
65,0.9726395156223225,0.021697791440073024,0.9726395156223225,0.021697791440073024,0.0,28.39561104774475
66,0.9704689552750329,0.023744604226842103,0.9704689552750329,0.023744604226842103,0.0,29.218727111816406
67,0.9725252756040441,0.021383217818965537,0.9725252756040441,0.021383217818965537,0.0,29.68419337272644
68,0.9713828754212601,0.021108126682950396,0.9713828754212601,0.021108126682950396,0.0,29.11156153678894
69,0.9713828754212601,0.021217894542423153,0.9713828754212601,0.021217894542423153,0.0,28.326147079467773
70,0.9722967955674873,0.020845285921742722,0.9722967955674873,0.020845285921742722,0.0,29.590861797332764
71,0.9718398354943737,0.02034875650731117,0.9718398354943737,0.02034875650731117,0.0,29.918089628219604
72,0.9726395156223225,0.018431719777460227,0.9726395156223225,0.018431719777460227,0.0,27.49957823753357
73,0.9722967955674873,0.019284910712701792,0.9722967955674873,0.019284910712701792,0.0,27.696829557418823
74,0.9726966356314617,0.017510191516025553,0.9726966356314617,0.017510191516025553,0.0,28.825255155563354
75,0.9720683155309305,0.01772443306559401,0.9720683155309305,0.01772443306559401,0.0,29.64598774909973
76,0.9717827154852344,0.016861288282530307,0.9717827154852344,0.016861288282530307,0.0,28.854110717773438
77,0.9722396755583481,0.01707680282456796,0.9722396755583481,0.01707680282456796,0.0,28.79764676094055
78,0.9721254355400697,0.01559616427923885,0.9721254355400697,0.01559616427923885,0.0,28.869800090789795
79,0.9725823956131833,0.014961430086912536,0.9725823956131833,0.014961430086912536,0.0,28.374396800994873
80,0.9728108756497401,0.015160868142093121,0.9728108756497401,0.015160868142093121,0.0,27.045767784118652
81,0.9726966356314617,0.014067022387641112,0.9726966356314617,0.014067022387641112,0.0,28.458620309829712
82,0.9720683155309305,0.01501147602844646,0.9720683155309305,0.01501147602844646,0.0,29.0958034992218
83,0.9722967955674873,0.015650606620526173,0.9722967955674873,0.015650606620526173,0.0,28.57436203956604
84,0.9728108756497401,0.01389576496779894,0.9728108756497401,0.01389576496779894,0.0,28.011264324188232
85,0.9716684754669561,0.014682762109993872,0.9716684754669561,0.014682762109993872,0.0,29.2018404006958
86,0.9728108756497401,0.012629772037120358,0.9728108756497401,0.012629772037120358,0.0,29.103795766830444
87,0.9721254355400697,0.012785825174722694,0.9721254355400697,0.012785825174722694,0.0,27.64204478263855
88,0.9710401553664249,0.013370345650193216,0.9710401553664249,0.013370345650193216,0.0,28.09075665473938
89,0.9724110355857657,0.011413987140053641,0.9724110355857657,0.011413987140053641,0.0,28.503741025924683
90,0.9729251156680185,0.010736023984213586,0.9729251156680185,0.010736023984213586,0.0,29.226977586746216
91,0.9728108756497401,0.011372930941196218,0.9728108756497401,0.011372930941196218,0.0,27.054808139801025
92,0.9731535957045753,0.010451947825009238,0.9731535957045753,0.010451947825009238,0.0,28.369565963745117
93,0.9724110355857657,0.010597185079574115,0.9724110355857657,0.010597185079574115,0.0,28.2590594291687
94,0.9725823956131833,0.010357678957017969,0.9725823956131833,0.010357678957017969,0.0,27.287760496139526
95,0.9718969555035128,0.01094263387254408,0.9718969555035128,0.01094263387254408,0.0,28.15602135658264
96,0.9728108756497401,0.010626286248844137,0.9728108756497401,0.010626286248844137,0.0,28.33713173866272
97,0.9726966356314617,0.009852043512639345,0.9726966356314617,0.009852043512639345,0.0,28.247844696044922
98,0.9739532758325241,0.009358623614767803,0.9739532758325241,0.009358623614767803,0.0,26.928131818771362
99,0.9724110355857657,0.00921752588394721,0.9724110355857657,0.00921752588394721,0.0,27.80827045440674
100,0.9728679956588793,0.00924451554668152,0.9728679956588793,0.00924451554668152,0.0,28.345953226089478
101,0.9727537556406008,0.008855860061621772,0.9727537556406008,0.008855860061621772,0.0,27.56522250175476
102,0.9726395156223225,0.008307571262704693,0.9726395156223225,0.008307571262704693,0.0,26.888696670532227
103,0.9716113554578168,0.008695130190709152,0.9716113554578168,0.008695130190709152,0.0,28.24703097343445
104,0.9724110355857657,0.008003339239607677,0.9724110355857657,0.008003339239607677,0.0,28.17503309249878
105,0.9723539155766265,0.007637235634492784,0.9723539155766265,0.007637235634492784,0.0,26.79934310913086
106,0.9726395156223225,0.00794975334165078,0.9726395156223225,0.00794975334165078,0.0,27.819968700408936
107,0.9725252756040441,0.007732190970889744,0.9725252756040441,0.007732190970889744,0.0,28.669485807418823
108,0.9728679956588793,0.007093210839710371,0.9728679956588793,0.007093210839710371,0.0,28.032495498657227
109,0.9718969555035128,0.007369637623949121,0.9718969555035128,0.007369637623949121,0.0,27.11677098274231
110,0.9728679956588793,0.007214317644261243,0.9728679956588793,0.007214317644261243,0.0,28.24210238456726
111,0.9723539155766265,0.006806327638344232,0.9723539155766265,0.006806327638344232,0.0,28.119093894958496
112,0.9729822356771577,0.006483508606079045,0.9729822356771577,0.006483508606079045,0.0,27.34547710418701
113,0.9726966356314617,0.006435011161356294,0.9726966356314617,0.006435011161356294,0.0,26.850354194641113
114,0.9724681555949048,0.006291262818322615,0.9724681555949048,0.006291262818322615,0.0,28.316181182861328
115,0.9723539155766265,0.006206150034431897,0.9723539155766265,0.006206150034431897,0.0,28.165464401245117
116,0.9725252756040441,0.006777310540979818,0.9725252756040441,0.006777310540979818,0.0,26.771769762039185
117,0.9720111955217913,0.006116855360523641,0.9720111955217913,0.006116855360523641,0.0,27.777153253555298
118,0.9725823956131833,0.00566277545714956,0.9725823956131833,0.00566277545714956,0.0,28.384870529174805
119,0.9726395156223225,0.005627414827844946,0.9726395156223225,0.005627414827844946,0.0,27.690780639648438
120,0.9720111955217913,0.006803205275608501,0.9720111955217913,0.006803205275608501,0.0,26.8716938495636
121,0.9726966356314617,0.005349030492818765,0.9726966356314617,0.005349030492818765,0.0,28.028475284576416
122,0.9719540755126521,0.005856123162264046,0.9719540755126521,0.005856123162264046,0.0,28.23550581932068
123,0.9732107157137145,0.0052712483864948145,0.9732107157137145,0.0052712483864948145,0.0,26.80964422225952
124,0.9726395156223225,0.005832938064460124,0.9726395156223225,0.005832938064460124,0.0,27.47393298149109
125,0.9734391957502713,0.0051497156745230555,0.9734391957502713,0.0051497156745230555,0.0,28.40700936317444
126,0.9722967955674873,0.004886201139091265,0.9722967955674873,0.004886201139091265,0.0,28.309490442276
127,0.9721825555492088,0.004874588024350697,0.9721825555492088,0.004874588024350697,0.0,26.76902151107788
128,0.9725252756040441,0.004853728208860085,0.9725252756040441,0.004853728208860085,0.0,27.95876717567444
129,0.9729822356771577,0.004850637868612134,0.9729822356771577,0.004850637868612134,0.0,28.37445878982544
130,0.9720111955217913,0.004582661011731541,0.9720111955217913,0.004582661011731541,0.0,27.51982069015503
131,0.9730964756954361,0.004520267532550051,0.9730964756954361,0.004520267532550051,0.0,26.874311208724976
132,0.9723539155766265,0.004330650158182829,0.9723539155766265,0.004330650158182829,0.0,28.19740319252014
133,0.9722396755583481,0.004506260876612905,0.9722396755583481,0.004506260876612905,0.0,28.45206379890442
134,0.9728108756497401,0.004301162643936595,0.9728108756497401,0.004301162643936595,0.0,26.810874700546265
135,0.9734963157594105,0.004013663232498139,0.9734963157594105,0.004013663232498139,0.0,27.785664796829224
136,0.9731535957045753,0.003987031194263844,0.9731535957045753,0.003987031194263844,0.0,28.381834268569946
137,0.9720683155309305,0.003840980597880251,0.9720683155309305,0.003840980597880251,0.0,27.936102390289307
138,0.9729822356771577,0.003926873103163961,0.9729822356771577,0.003926873103163961,0.0,27.00693917274475
139,0.9723539155766265,0.00397590525633786,0.9723539155766265,0.00397590525633786,0.0,28.155025959014893
140,0.9720683155309305,0.0039796175942243585,0.9720683155309305,0.0039796175942243585,0.0,28.323193073272705
141,0.9724110355857657,0.003773169983034269,0.9724110355857657,0.003773169983034269,0.0,27.42574167251587
142,0.9724110355857657,0.0036335022819961736,0.9724110355857657,0.0036335022819961736,0.0,26.893511295318604
143,0.9725252756040441,0.0037676231442198044,0.9725252756040441,0.0037676231442198044,0.0,28.075175046920776
144,0.9727537556406008,0.003594580130935811,0.9727537556406008,0.003594580130935811,0.0,28.24621343612671
145,0.9729251156680185,0.003381567679451771,0.9729251156680185,0.003381567679451771,0.0,26.853433847427368
146,0.9720111955217913,0.003868828212634729,0.9720111955217913,0.003868828212634729,0.0,27.80251955986023
147,0.9726395156223225,0.0032666230174089018,0.9726395156223225,0.0032666230174089018,0.0,28.454946041107178
148,0.973039355686297,0.003098767049703464,0.973039355686297,0.003098767049703464,0.0,27.915342569351196
149,0.9726395156223225,0.0031328186935256908,0.9726395156223225,0.0031328186935256908,0.0,27.0454580783844
150,0.9728108756497401,0.0033075267436933785,0.9728108756497401,0.0033075267436933785,0.0,28.003944158554077
151,0.9724681555949048,0.0033762873311661955,0.9724681555949048,0.0033762873311661955,0.0,28.201217889785767
152,0.9728679956588793,0.0029474371253908295,0.9728679956588793,0.0029474371253908295,0.0,27.320324182510376
153,0.9727537556406008,0.0029408277905716065,0.9727537556406008,0.0029408277905716065,0.0,27.30452537536621
154,0.9720683155309305,0.0029367766250020847,0.9720683155309305,0.0029367766250020847,0.0,28.405023097991943
155,0.973324955731993,0.0028822734797852726,0.973324955731993,0.0028822734797852726,0.0,28.01322364807129
156,0.9728108756497401,0.002982462627430233,0.9728108756497401,0.002982462627430233,0.0,26.7970871925354
157,0.9727537556406008,0.0027317662903215273,0.9727537556406008,0.0027317662903215273,0.0,27.914737462997437
158,0.9725823956131833,0.0028010948958351635,0.9725823956131833,0.0028010948958351635,0.0,28.263566732406616
159,0.9724110355857657,0.0027818409315636472,0.9724110355857657,0.0027818409315636472,0.0,27.546836614608765
160,0.9728679956588793,0.0028494005238806817,0.9728679956588793,0.0028494005238806817,0.0,26.916351795196533
161,0.9721254355400697,0.002922325008320325,0.9721254355400697,0.002922325008320325,0.0,28.060874938964844
162,0.9724110355857657,0.002505777479633577,0.9724110355857657,0.002505777479633577,0.0,28.161044120788574
163,0.9726395156223225,0.0025086315737406755,0.9726395156223225,0.0025086315737406755,0.0,26.723191738128662
164,0.9724681555949048,0.0026724929170155866,0.9724681555949048,0.0026724929170155866,0.0,27.77549123764038
165,0.9726966356314617,0.002407636104701992,0.9726966356314617,0.002407636104701992,0.0,28.350929498672485
166,0.9726966356314617,0.0024031429407438028,0.9726966356314617,0.0024031429407438028,0.0,28.680145740509033
167,0.9726395156223225,0.0022801885425501453,0.9726395156223225,0.0022801885425501453,0.0,27.03313446044922
168,0.9728679956588793,0.0023230857016176133,0.9728679956588793,0.0023230857016176133,0.0,28.418805837631226
169,0.973324955731993,0.0024158372008632957,0.973324955731993,0.0024158372008632957,0.0,28.342127561569214
170,0.9729822356771577,0.0021434449126269592,0.9729822356771577,0.0021434449126269592,0.0,27.097341775894165
171,0.9721825555492088,0.0021267859086889426,0.9721825555492088,0.0021267859086889426,0.0,26.886078357696533
172,0.9728679956588793,0.002114098862114848,0.9728679956588793,0.002114098862114848,0.0,28.274646282196045
173,0.9722967955674873,0.0020815809884390662,0.9722967955674873,0.0020815809884390662,0.0,28.233030319213867
174,0.9728108756497401,0.0020222982501489867,0.9728108756497401,0.0020222982501489867,0.0,26.807068347930908
175,0.9726395156223225,0.002023725504110555,0.9726395156223225,0.002023725504110555,0.0,27.896945238113403
176,0.9726966356314617,0.0020322226625837034,0.9726966356314617,0.0020322226625837034,0.0,28.529155254364014
177,0.9728679956588793,0.001968910116457181,0.9728679956588793,0.001968910116457181,0.0,27.700019359588623
178,0.9727537556406008,0.002095712511563927,0.9727537556406008,0.002095712511563927,0.0,27.076133012771606
179,0.9724110355857657,0.0018335416544427718,0.9724110355857657,0.0018335416544427718,0.0,28.13734745979309
180,0.9725823956131833,0.0020519061378335927,0.9725823956131833,0.0020519061378335927,0.0,28.265058279037476
181,0.9726395156223225,0.002137176338672544,0.9726395156223225,0.002137176338672544,0.0,27.080691814422607
182,0.9727537556406008,0.0018174835721293929,0.9727537556406008,0.0018174835721293929,0.0,27.426273107528687
183,0.9726966356314617,0.0019062659799727161,0.9726966356314617,0.0019062659799727161,0.0,28.23127818107605
184,0.9724681555949048,0.0019521734103445589,0.9724681555949048,0.0019521734103445589,0.0,28.28024458885193
185,0.973039355686297,0.0017052501349446609,0.973039355686297,0.0017052501349446609,0.0,26.85599184036255
186,0.9722396755583481,0.0018878941114368023,0.9722396755583481,0.0018878941114368023,0.0,28.029239892959595
187,0.9724110355857657,0.0016817029425724996,0.9724110355857657,0.0016817029425724996,0.0,28.232991456985474
188,0.9728679956588793,0.0016754641374314221,0.9728679956588793,0.0016754641374314221,0.0,27.35456109046936
189,0.9730964756954361,0.0015584539634612988,0.9730964756954361,0.0015584539634612988,0.0,26.707289934158325
190,0.9726395156223225,0.001625868803066755,0.9726395156223225,0.001625868803066755,0.0,27.999468326568604
191,0.9722967955674873,0.0015819195767117803,0.9722967955674873,0.0015819195767117803,0.0,28.113590002059937
192,0.9722396755583481,0.0016364106611387436,0.9722396755583481,0.0016364106611387436,0.0,26.92784881591797
193,0.9728108756497401,0.0016976443119465776,0.9728108756497401,0.0016976443119465776,0.0,27.801241636276245
194,0.9726966356314617,0.0014554602754759196,0.9726966356314617,0.0014554602754759196,0.0,28.320510387420654
195,0.9725252756040441,0.001523398428537833,0.9725252756040441,0.001523398428537833,0.0,27.855167627334595
196,0.9725252756040441,0.001485484312041802,0.9725252756040441,0.001485484312041802,0.0,26.825939178466797
197,0.9729822356771577,0.0014091596313498438,0.9729822356771577,0.0014091596313498438,0.0,28.327444314956665
198,0.9726395156223225,0.001420644377883982,0.9726395156223225,0.001420644377883982,0.0,28.010321617126465
199,0.9726966356314617,0.001395832978572114,0.9726966356314617,0.001395832978572114,0.0,27.261890172958374
200,0.9726966356314617,0.0014112638419542774,0.9726966356314617,0.0014112638419542774,0.0,27.260119915008545
