round,test_acc,train_loss,mu,time_cost
0,0.058376649340263896,2.312712639257485,0.0,0.0
1,0.2070029131204661,2.1785633697056674,0.0,18.55556035041809
2,0.3252984520477523,1.9413941039472244,0.0,16.71295928955078
3,0.40486662477866,1.614002872391344,0.0,18.155879735946655
4,0.4741531958645113,1.3589661989963093,0.0,17.743374824523926
5,0.5161935225909636,1.220984302655906,0.0,17.113343238830566
6,0.5553207288513167,1.1220981211971404,0.0,17.89146137237549
7,0.5899925743988119,1.0326629712697182,0.0,17.613374710083008
8,0.6027874564459931,0.9998463529669085,0.0,17.4829523563385
9,0.6298623407779745,0.9325223746355015,0.0,17.658204078674316
10,0.6387159421945507,0.9170107919601249,0.0,18.851175785064697
11,0.6535100245616039,0.8793623695010346,0.0,16.437456607818604
12,0.661735305877649,0.8511040418369185,0.0,18.67861819267273
13,0.665733706517393,0.8377998072858007,0.0,16.500239610671997
14,0.6685897069743532,0.827847069892389,0.0,18.104551792144775
15,0.6703033072485292,0.8235213207441691,0.0,17.21767830848694
16,0.6729879476780716,0.8150121812029686,0.0,18.66372799873352
17,0.6732735477237677,0.813218048428436,0.0,17.01212430000305
18,0.6796709887473582,0.7841302404587811,0.0,19.306553840637207
19,0.6828697092591535,0.7750630358483183,0.0,16.374621391296387
20,0.6913805906208945,0.7598714690973196,0.0,18.854315996170044
21,0.6921231507397041,0.7552654844117179,0.0,16.733665704727173
22,0.6906380305020848,0.7609429929474398,0.0,17.943915843963623
23,0.6962929114068658,0.7421755490773403,0.0,16.871333837509155
24,0.7006911521105843,0.7286259794593187,0.0,18.874072551727295
25,0.7067458730793397,0.7145287435347837,0.0,15.995631456375122
26,0.7101159536185526,0.7072538750949324,0.0,18.602795839309692
27,0.7061746729879477,0.7147576805952089,0.0,18.06491255760193
28,0.702861712457874,0.7220929115302089,0.0,18.302117824554443
29,0.7044039527046324,0.7142281419983796,0.0,17.898679494857788
30,0.7028045924487348,0.7204085020391522,0.0,19.094512701034546
31,0.7097161135545782,0.7012552670712258,0.0,17.67455291748047
32,0.7083452333352374,0.702384624111064,0.0,18.611434936523438
33,0.7225681156108985,0.6693750489554011,0.0,18.01898694038391
34,0.713657394185183,0.6843723599175074,0.0,17.42764377593994
35,0.7239389958302394,0.6712333464633764,0.0,18.73550510406494
36,0.7207402753184441,0.6696115308773075,0.0,17.452465057373047
37,0.7202833152453304,0.6791092556991636,0.0,18.185773134231567
38,0.732335637173702,0.6468694663351896,0.0,17.375799655914307
39,0.7255954760952762,0.6575808049154025,0.0,17.715068340301514
40,0.7214257154281145,0.6704444051540948,0.0,17.538914918899536
41,0.7289084366253499,0.6579871703749315,0.0,19.295662879943848
42,0.7300508368081339,0.6538708570967581,0.0,16.14892268180847
43,0.7280516364882619,0.6619404074380096,0.0,19.239848375320435
44,0.7327925972468156,0.6455642915253872,0.0,16.816590309143066
45,0.7465013994402239,0.6183721900542888,0.0,17.93670678138733
46,0.7391900382704061,0.6273578893763737,0.0,16.82396674156189
47,0.7415319586451133,0.6312940047628193,0.0,18.878355503082275
48,0.728394356543097,0.6509186583869615,0.0,16.810524940490723
49,0.7411321185811389,0.6260970010014194,0.0,19.04894733428955
50,0.7449020391843263,0.6198489298518844,0.0,16.624542474746704
51,0.7427885988461758,0.6165183536132653,0.0,18.21973180770874
52,0.7429599588735935,0.6178301142640292,0.0,18.2480571269989
53,0.7446164391386303,0.6193605174407663,0.0,17.496193647384644
54,0.7459873193579711,0.6120056720458616,0.0,17.093910694122314
55,0.7481578797052607,0.6101510036199452,0.0,18.26225996017456
56,0.7596390015422403,0.5951808880775994,0.0,18.134644269943237
57,0.7651796424287428,0.5870114060957002,0.0,17.620155334472656
58,0.7595247615239619,0.5866748029328153,0.0,18.50696110725403
59,0.7612383617981379,0.5789841444076549,0.0,16.810105800628662
60,0.7642657222825155,0.5804653538212651,0.0,18.03999900817871
61,0.7604958016793283,0.5821721752729698,0.0,17.6486234664917
62,0.766379162620666,0.5740275130184608,0.0,17.911791563034058
63,0.7648940423830468,0.5749463282119724,0.0,16.947495937347412
64,0.7663220426115268,0.5727082970833828,0.0,19.46115779876709
65,0.7759182041469127,0.561755551351347,0.0,16.84596061706543
66,0.7735762837722054,0.56285600501255,0.0,19.04938769340515
67,0.7679785228765637,0.5699028229277899,0.0,16.939334392547607
68,0.7712343633974982,0.5674299508216492,0.0,18.773234367370605
69,0.7767178842748614,0.5592751041590611,0.0,17.461660146713257
70,0.7846575655452105,0.5441966032368682,0.0,18.599152326583862
71,0.7838578854172616,0.5450874090985209,0.0,16.598626852035522
72,0.7803735648597704,0.5479093145290437,0.0,19.29441499710083
73,0.7873993259838922,0.5353750699770917,0.0,16.148112773895264
74,0.7865425258468042,0.5454671588442137,0.0,18.373109579086304
75,0.7889986862397897,0.5339549805122867,0.0,17.464841604232788
76,0.7888273262123722,0.5311769240585351,0.0,17.90852999687195
77,0.7875706860113098,0.5296242202295856,0.0,17.292604684829712
78,0.7843719654995145,0.5355892478106538,0.0,18.32518243789673
79,0.7903695664591306,0.5303617389981206,0.0,16.833454370498657
80,0.7860284457645513,0.539488690686693,0.0,18.004080772399902
81,0.7983663677386188,0.5135399618388157,0.0,18.519821643829346
82,0.7898554863768779,0.5335688598214043,0.0,16.988014221191406
83,0.7932255669160907,0.5228374186115519,0.0,18.360745191574097
84,0.79328268692523,0.5272909951813906,0.0,17.77233076095581
85,0.7997372479579596,0.517498530526937,0.0,17.652190685272217
86,0.7969383675101388,0.5152729604212543,0.0,17.87294101715088
87,0.7977380476380876,0.5109914552235743,0.0,18.3492488861084
88,0.7996230079396812,0.5111410226434965,0.0,16.855730533599854
89,0.8022505283600846,0.5031697528033768,0.0,19.012030839920044
90,0.8087622094019535,0.49382407324084837,0.0,17.0378520488739
91,0.7943108470897355,0.5163795766789694,0.0,18.41162896156311
92,0.8055634888901583,0.5092908321131151,0.0,17.02754306793213
93,0.8060204489632719,0.5051912296584923,0.0,18.337270736694336
94,0.7959102073456332,0.5125591593926111,0.0,16.498279333114624
95,0.8019078083052493,0.5052717420041295,0.0,18.82394766807556
96,0.8065916490546639,0.49486486349095654,0.0,15.941418170928955
97,0.8093334094933455,0.4935270369158099,0.0,18.16668462753296
98,0.8116182098589135,0.4861506738497237,0.0,16.497177839279175
99,0.8081910093105615,0.4944336683642215,0.0,17.792142391204834
100,0.8096190095390415,0.4906097263770755,0.0,16.22488832473755
101,0.7995658879305421,0.5082853332706185,0.0,18.671751976013184
102,0.8134460501513681,0.48042448846010527,0.0,15.635674953460693
103,0.8179014108642257,0.47551296528904885,0.0,18.07431936264038
104,0.8168732506997202,0.4809411484592388,0.0,16.57803201675415
105,0.8104758096761295,0.48110989612769006,0.0,17.016334056854248
106,0.8159593305534929,0.4754403292396798,0.0,16.80618405342102
107,0.8100759696121551,0.4828870903374184,0.0,18.054377555847168
108,0.8157879705260753,0.482673118206594,0.0,16.360361099243164
109,0.8156166104986576,0.47945115250279663,0.0,18.027713537216187
110,0.8172730907636945,0.47266640443712254,0.0,17.600493669509888
111,0.8141314902610385,0.4748700261387783,0.0,16.937848329544067
112,0.8186439709830353,0.4698872292195268,0.0,18.00149178504944
113,0.8170446107271377,0.466644433403069,0.0,16.97460651397705
114,0.8152738904438225,0.474474458011017,0.0,17.691643714904785
115,0.8221854115496658,0.4637461490534794,0.0,17.396708250045776
116,0.8149882903981265,0.47561111728629896,0.0,17.672101497650146
117,0.8124178899868624,0.4773972750219096,0.0,16.95144820213318
118,0.8154452504712401,0.47121866214688285,0.0,19.060035943984985
119,0.818815331010453,0.4688540694620496,0.0,16.04094386100769
120,0.8228137316501971,0.4568114037167066,0.0,18.041823387145996
121,0.821671331467413,0.4589815449228501,0.0,16.69491982460022
122,0.8204146912663506,0.4652317411319294,0.0,18.04478144645691
123,0.8218426914948307,0.4604458816315308,0.0,15.949785470962524
124,0.8284686125549781,0.454247568921613,0.0,18.66287112236023
125,0.8204146912663506,0.4622261183881009,0.0,15.352770805358887
126,0.8239561318329811,0.4597685160201226,0.0,18.51250433921814
127,0.8296681327469012,0.44316128950776745,0.0,15.92952275276184
128,0.8220711715313874,0.45573725059481324,0.0,17.608519077301025
129,0.8262980522076884,0.4484071368679545,0.0,16.122823238372803
130,0.8263551722168275,0.45334676303089055,0.0,18.149350881576538
131,0.8234420517507283,0.45231622705591246,0.0,15.520147562026978
132,0.8252127720340435,0.44795209560961086,0.0,18.372201442718506
133,0.8249842919974867,0.45093524662528506,0.0,16.094913721084595
134,0.8254983720797395,0.45280474248479063,0.0,17.481318473815918
135,0.8237276517964243,0.45526181561022405,0.0,16.877206325531006
136,0.8196150111384017,0.4584417612346179,0.0,17.53566288948059
137,0.8268692522990804,0.4480922952734389,0.0,16.168896913528442
138,0.827326212372194,0.4459769867088037,0.0,18.039619207382202
139,0.8285257325641172,0.44110224426427086,0.0,16.170253038406372
140,0.83046781287485,0.4382106633240359,0.0,17.426265954971313
141,0.827897412463586,0.4413168054437516,0.0,17.33859395980835
142,0.8290398126463701,0.43881193670828483,0.0,16.735201835632324
143,0.8300679728108756,0.4419038375603323,0.0,17.133384704589844
144,0.831324613011938,0.4357655897318767,0.0,17.487003803253174
145,0.8324098931855829,0.4339517487625832,0.0,16.699079751968384
146,0.83046781287485,0.43464508244916783,0.0,17.33005714416504
147,0.8312103729936596,0.4310872938369982,0.0,18.01501703262329
148,0.8374935739989718,0.42380694968051624,0.0,15.89746618270874
149,0.830753412920546,0.4413099175341116,0.0,17.929401874542236
150,0.8266407722625235,0.4472585563771716,0.0,16.73989486694336
151,0.8296681327469012,0.44003714878039263,0.0,17.218810081481934
152,0.8351516536242646,0.4269264007368968,0.0,16.625057220458984
153,0.8317244530759125,0.4345487069893488,0.0,17.959477186203003
154,0.8321242931398869,0.43593344928279987,0.0,15.761938333511353
155,0.8378934140629463,0.4180734433590757,0.0,18.341146230697632
156,0.8366367738618838,0.4226006690060851,0.0,16.038177728652954
157,0.8353801336608214,0.4232007711286315,0.0,17.87290048599243
158,0.8357799737247958,0.42211929229094614,0.0,16.153326272964478
159,0.8312103729936596,0.4328746731915735,0.0,17.927965879440308
160,0.8369223739075798,0.42583369180996644,0.0,15.938010692596436
161,0.8366367738618838,0.4207291812611025,0.0,18.601703643798828
162,0.8328668532586965,0.4326373358236127,0.0,15.287112951278687
163,0.8385788541726167,0.41722714266879707,0.0,17.820443868637085
164,0.8376649340263894,0.41934089258176677,0.0,16.14643359184265
165,0.8374364539898327,0.41864893813549836,0.0,17.766043424606323
166,0.840349574455932,0.41809230568499905,0.0,16.092668771743774
167,0.834409093505455,0.42489873218054397,0.0,18.722264289855957
168,0.8349231735877077,0.42710485774497403,0.0,15.606576919555664
169,0.8436625349860056,0.40476506550896696,0.0,17.88065195083618
170,0.8369223739075798,0.4195585267669826,0.0,16.500200033187866
171,0.8320100531216085,0.42917248832968546,0.0,17.272074222564697
172,0.8376078140172503,0.41522458446840016,0.0,17.05163335800171
173,0.8352087736334037,0.4227676454344598,0.0,18.167829990386963
174,0.8384074941451991,0.41639190007359,0.0,15.968897819519043
175,0.8358942137430742,0.4217673560354541,0.0,17.656217575073242
176,0.8399497343919575,0.412279787908211,0.0,17.31862735748291
177,0.8405209344833495,0.4094763632933124,0.0,16.570239305496216
178,0.8338378934140629,0.428213932542653,0.0,17.524268627166748
179,0.8388644542183127,0.4147364859362342,0.0,16.220924377441406
180,0.8351516536242646,0.42172675860738634,0.0,13.56574034690857
181,0.835837093733935,0.4204838096318299,0.0,13.799955368041992
182,0.8444050951048152,0.39870358560394026,0.0,13.56423544883728
183,0.8444050951048152,0.40036763624589056,0.0,12.86417031288147
184,0.8395498943279831,0.4106785998422114,0.0,13.663516759872437
185,0.8404066944650711,0.4074654866955917,0.0,13.781803846359253
186,0.8395498943279831,0.40956911972043625,0.0,12.731855630874634
187,0.8400068544010967,0.4112255409110942,0.0,13.542689561843872
188,0.8374935739989718,0.4150804929457302,0.0,13.850108623504639
189,0.8367510138801623,0.41674803018713935,0.0,13.142770051956177
190,0.8385217341634774,0.41382682582353847,0.0,13.64792275428772
191,0.8388644542183127,0.41148709255380767,0.0,13.705049276351929
192,0.8398354943736791,0.40815386366354156,0.0,13.38870882987976
193,0.8418346946935511,0.4041495751411525,0.0,13.479781150817871
194,0.8401782144285143,0.4086328393420813,0.0,13.816447734832764
195,0.8434340549494488,0.40293631056075024,0.0,13.134578704833984
196,0.8410350145656024,0.4051343927031637,0.0,13.092146873474121
197,0.8423487747758039,0.40210292892712796,0.0,13.670011520385742
198,0.8454332552693209,0.39797628664847573,0.0,13.168952465057373
199,0.8475466956074713,0.3937064197399323,0.0,13.245709657669067
200,0.8432626949220312,0.40099443157354714,0.0,13.617429971694946
