round,median_client_loss,lg_ema,test_acc_global,train_loss_global,test_acc_personalized,train_loss_personalized,avg_mu,time_cost
0,4.606721639633179,4.606721639633179,0.010594349680170576,4.606188954901233,0.010594349680170576,4.606188954901233,0.05000000000000001,0.0
1,4.6026291847229,4.606312394142151,0.1779717484008529,3.020045556345451,0.1779717484008529,3.020045556345451,0.05000000000000001,34.57358002662659
2,4.57381796836853,4.603062951564789,0.2256130063965885,2.7820458647189836,0.2256130063965885,2.7820458647189836,0.060087086057975546,35.25576162338257
3,4.495665788650513,4.592323235273361,0.269589552238806,2.615702629328358,0.269589552238806,2.615702629328358,0.06632387096182303,41.71873068809509
4,4.392587184906006,4.572349630236626,0.3056369936034115,2.4920436900717347,0.3056369936034115,2.4920436900717347,0.07042670967327612,49.38432788848877
5,4.260332345962524,4.541147901809216,0.31749733475479747,2.4174301043521274,0.31749733475479747,2.4174301043521274,0.07329869677129329,50.365575551986694
6,4.208409786224365,4.5078740902507315,0.333955223880597,2.3537114893282727,0.333955223880597,2.3537114893282727,0.0753090877399053,49.08290648460388
7,4.18388557434082,4.47547523865974,0.34128464818763327,2.3002769473560885,0.34128464818763327,2.3002769473560885,0.0767163614179337,51.57428479194641
8,4.120445489883423,4.439972263782108,0.35367803837953093,2.246088350514947,0.35367803837953093,2.246088350514947,0.0777014529925536,50.059908866882324
9,4.0822601318359375,4.404201050587491,0.3697361407249467,2.196846288292571,0.3697361407249467,2.196846288292571,0.0783910170947875,50.355634927749634
10,4.060497283935547,4.369830673922297,0.3757329424307036,2.1402980150930015,0.3757329424307036,2.1402980150930015,0.0789151582728876,49.06298851966858
11,4.010922193527222,4.33393982588279,0.39185767590618337,2.08201650407113,0.39185767590618337,2.08201650407113,0.07924061079102132,49.61953330039978
12,3.9928966760635376,4.299835510900865,0.39518923240938164,2.0459979839488533,0.39518923240938164,2.0459979839488533,0.0794684275537149,48.84442710876465
13,3.934874176979065,4.263339377508684,0.40051972281449894,1.9969072963724586,0.40051972281449894,1.9969072963724586,0.07962789928760043,49.85190510749817
14,3.9081923961639404,4.22782467937421,0.4021855010660981,1.9629287832854558,0.4021855010660981,1.9629287832854558,0.07973952950132031,49.01600623130798
15,3.920575261116028,4.197099737548392,0.4068496801705757,1.9158795461619609,0.4068496801705757,1.9158795461619609,0.07981767065092421,51.74691462516785
16,3.9129140377044678,4.168681167563999,0.4117803837953092,1.8723147437922485,0.4117803837953092,1.8723147437922485,0.07987236945564696,50.35957431793213
17,3.9035743474960327,4.142170485557203,0.4306369936034115,1.8151252695833768,0.4306369936034115,1.8151252695833768,0.07991065861895288,50.85803413391113
18,3.8406039476394653,4.112013831765429,0.42137526652452023,1.7913698795431838,0.42137526652452023,1.7913698795431838,0.07996860856031737,51.03289842605591
19,3.8255001306533813,4.083362461654224,0.4386327292110874,1.7222085851129483,0.4386327292110874,1.7222085851129483,0.07997802599222216,52.041157484054565
20,3.7450406551361084,4.049530281002412,0.443363539445629,1.6612668465096798,0.443363539445629,1.6612668465096798,0.07998461819455552,50.608083963394165
21,3.72553288936615,4.017130541838786,0.43450159914712155,1.6339809693865799,0.43450159914712155,1.6339809693865799,0.07998923273618885,51.664199352264404
22,3.7218679189682007,3.9876042795517272,0.4437633262260128,1.5734861373343694,0.4437633262260128,1.5734861373343694,0.0799924629153322,50.31628060340881
23,3.663403034210205,3.955184155017575,0.45142590618336886,1.5172510119476623,0.45142590618336886,1.5172510119476623,0.07999472404073253,51.004470348358154
24,3.651396870613098,3.924805426577127,0.4534914712153518,1.4746741298498993,0.4534914712153518,1.4746741298498993,0.07999630682851276,50.14775848388672
25,3.658607006072998,3.8981855845267144,0.4642857142857143,1.4204906092026792,0.4642857142857143,1.4204906092026792,0.07999741477995895,52.06324601173401
26,3.6268599033355713,3.8710530164076,0.4510261194029851,1.3782127743363248,0.4510261194029851,1.3782127743363248,0.0800980162827616,50.736695766448975
27,3.659242868423462,3.849872001609186,0.45542377398720685,1.3319214886375141,0.45542377398720685,1.3319214886375141,0.08039034221030572,50.47408962249756
28,3.5874078273773193,3.8236255841859994,0.45908848614072495,1.2666909428581838,0.45908848614072495,1.2666909428581838,0.08044362325245127,50.878621101379395
29,3.5701584815979004,3.7982788739271895,0.4662180170575693,1.18913052593395,0.4662180170575693,1.18913052593395,0.08041402046926759,51.34168791770935
30,3.5433504581451416,3.772786032348985,0.45668976545842216,1.157326592776844,0.45668976545842216,1.157326592776844,0.0802898143284873,49.924785137176514
31,3.5018460750579834,3.7456920366198845,0.4642190831556503,1.0768210801137639,0.4642190831556503,1.0768210801137639,0.08077246508217037,51.36834239959717
32,3.5023826360702515,3.7213610965649213,0.46435234541577824,1.0340477791547404,0.46435234541577824,1.0340477791547404,0.08054072555751923,51.460898637771606
33,3.478216290473938,3.697046615955823,0.46475213219616207,0.9809098070768292,0.46475213219616207,0.9809098070768292,0.08054371782065202,52.74086546897888
34,3.4543431997299194,3.6727762743332324,0.4676172707889126,0.9164436645565173,0.4676172707889126,0.9164436645565173,0.08064598965832329,50.60885000228882
35,3.4585466384887695,3.651353310748786,0.46148720682302774,0.8786022883596546,0.46148720682302774,0.8786022883596546,0.08050574002122361,49.399526596069336
36,3.42346727848053,3.6285647075219605,0.4616871002132196,0.8173392854413521,0.4616871002132196,0.8173392854413521,0.08063843494012501,49.242563247680664
37,3.400473475456238,3.605755584315388,0.46375266524520253,0.766639086452086,0.46375266524520253,0.766639086452086,0.08051749691943419,50.55354690551758
38,3.3512316942214966,3.5803031953059987,0.46275319829424305,0.7479087255478543,0.46275319829424305,0.7479087255478543,0.08095719459968002,50.67450952529907
39,3.32513165473938,3.554786041249337,0.4611540511727079,0.6908270017517572,0.4611540511727079,0.6908270017517572,0.08067003621977602,49.77658152580261
40,3.3078818321228027,3.530095620336683,0.4658182302771855,0.6567031433293378,0.4658182302771855,0.6567031433293378,0.08138430925108324,51.35231328010559
41,3.3521403074264526,3.51230008904566,0.46088752665245203,0.6293728448721103,0.46088752665245203,0.6293728448721103,0.08131288807148344,50.356640577316284
42,3.2939289808273315,3.490462978223827,0.4650852878464819,0.5820703281541528,0.4650852878464819,0.5820703281541528,0.0809190216500384,50.890788078308105
43,3.293172597885132,3.470733940189957,0.4603544776119403,0.563813518650629,0.4603544776119403,0.563813518650629,0.08168408573191124,50.58934259414673
44,3.3039133548736572,3.454051881658327,0.46708422174840086,0.5206427117396792,0.46708422174840086,0.5206427117396792,0.08135687902061199,50.450904846191406
45,3.227546453475952,3.4314013388400895,0.45882196162046907,0.521182536348571,0.45882196162046907,0.521182536348571,0.08146949264349021,50.27557992935181
46,3.253493070602417,3.4136105120163225,0.470682302771855,0.46467674256539554,0.470682302771855,0.46467674256539554,0.08175490772173562,51.46159267425537
47,3.2159736156463623,3.3938468223793263,0.46515191897654584,0.4816789358661764,0.46515191897654584,0.4816789358661764,0.08202481353165512,49.35998749732971
48,3.189277768135071,3.373389916954901,0.4661513859275053,0.4610542333134035,0.4661513859275053,0.4610542333134035,0.08187949643840371,50.2252562046051
49,3.191003680229187,3.3551512932823293,0.4685501066098081,0.4427000177440359,0.4685501066098081,0.4427000177440359,0.0817410537358509,49.06268835067749
50,3.158213496208191,3.3354575135749154,0.4702825159914712,0.43545964497663736,0.4702825159914712,0.43545964497663736,0.08149937252333546,50.11190414428711
51,3.1543121337890625,3.3173429755963304,0.4750133262260128,0.4422507012612731,0.4750133262260128,0.4422507012612731,0.08218005636258255,49.95520997047424
52,3.099571943283081,3.2955658723650054,0.474546908315565,0.4162729858661659,0.474546908315565,0.4162729858661659,0.0820882806952249,51.3461389541626
53,3.1176393032073975,3.2777732154492445,0.4772121535181237,0.4091781801225667,0.4772121535181237,0.4091781801225667,0.08205195558931697,49.44630694389343
54,3.1277996301651,3.2627758569208303,0.4742137526652452,0.4069351146284364,0.4742137526652452,0.4069351146284364,0.08280962106564783,50.63023018836975
55,3.050696849822998,3.241567956211047,0.4787446695095949,0.4097684114261894,0.4787446695095949,0.4097684114261894,0.08213288313773613,50.234373807907104
56,3.0681488513946533,3.224226045729408,0.47981076759061836,0.40854189538111213,0.47981076759061836,0.40854189538111213,0.08155715611879942,51.408178091049194
57,3.054685950279236,3.207272036184391,0.4780783582089552,0.40038623759889425,0.4780783582089552,0.40038623759889425,0.08303452493852717,50.08302974700928
58,3.072703719139099,3.193815204479862,0.47701226012793174,0.4093448117650891,0.47701226012793174,0.4093448117650891,0.08319357168921312,50.98087430000305
59,2.9867711067199707,3.173110794703873,0.47707889125799574,0.409670206546571,0.47707889125799574,0.409670206546571,0.08353175323397422,50.04967951774597
60,2.9691587686538696,3.1527155920988723,0.47494669509594883,0.41524895838438786,0.47494669509594883,0.41524895838438786,0.08491371411639918,52.88808465003967
61,3.05090594291687,3.142534627180672,0.47761194029850745,0.4190543593768687,0.47761194029850745,0.4190543593768687,0.08378772955745131,51.73376679420471
62,2.958279252052307,3.124109089667835,0.4772121535181237,0.4148792841634179,0.4772121535181237,0.4148792841634179,0.08425418008554277,53.1336624622345
63,2.9733797311782837,3.10903615381888,0.47814498933901917,0.41880186771491396,0.47814498933901917,0.41880186771491396,0.08422696307852785,50.20618176460266
64,2.947370767593384,3.0928696151963306,0.4761460554371002,0.41954872010146677,0.4761460554371002,0.41954872010146677,0.08472256327840973,50.44183897972107
65,2.9148389101028442,3.0750665446869823,0.4766791044776119,0.42322339561341943,0.4766791044776119,0.42322339561341943,0.0845510373535116,49.3299925327301
66,2.913079023361206,3.058867792554405,0.4772121535181237,0.4242022876273181,0.4772121535181237,0.4242022876273181,0.08428586702934997,50.53752565383911
67,2.9308799505233765,3.0460690083513025,0.4761460554371002,0.4242686228567307,0.4761460554371002,0.4242686228567307,0.08518664630685538,49.35760688781738
68,2.931289553642273,3.0345910628803994,0.47627931769722814,0.4300953630523125,0.47627931769722814,0.4300953630523125,0.08533956204890794,49.16531825065613
69,2.8881783485412598,3.0199497914464857,0.4771455223880597,0.4325150079306528,0.4771455223880597,0.4325150079306528,0.08607397881628556,48.91127061843872
70,2.844608426094055,3.0024156549112426,0.4764125799573561,0.43758096528839335,0.4764125799573561,0.43758096528839335,0.08583639976923445,49.58687090873718
71,2.852197527885437,2.987393842208662,0.4759461620469083,0.43809155949533957,0.4759461620469083,0.43809155949533957,0.08586913337430238,40.61408877372742
72,2.9270836114883423,2.98136281913663,0.4754131130063966,0.43962995251559767,0.4754131130063966,0.43962995251559767,0.08538427708280734,42.29757738113403
73,2.8673492670059204,2.9699614639235588,0.4751465884861407,0.4386528335971433,0.4751465884861407,0.4386528335971433,0.08564264076649739,41.49623775482178
74,2.790428400039673,2.9520081575351704,0.47574626865671643,0.44188265693987044,0.47574626865671643,0.44188265693987044,0.08570617018665237,41.849833726882935
75,2.8069988489151,2.9375072266731634,0.4754131130063966,0.44928250545301796,0.4754131130063966,0.44928250545301796,0.08491133447274339,43.49541926383972
76,2.792771816253662,2.9230336856312134,0.4752132196162047,0.44093103739699585,0.4752132196162047,0.44093103739699585,0.08494595586877247,50.821183919906616
77,2.746312379837036,2.9053615550517957,0.47494669509594883,0.4424983421421497,0.47494669509594883,0.4424983421421497,0.08496207410947285,50.188289403915405
78,2.764816403388977,2.891307039885514,0.47414712153518124,0.4442615073118637,0.47414712153518124,0.4442615073118637,0.08550817170592165,50.872647285461426
79,2.7447612285614014,2.876652458753103,0.47601279317697226,0.44908733551420965,0.47601279317697226,0.44908733551420965,0.08804028950037122,50.00104331970215
80,2.776724934577942,2.8666597063355868,0.47707889125799574,0.46343043863467953,0.47707889125799574,0.46343043863467953,0.08825274772053472,49.880107402801514
81,2.7286529541015625,2.8528590311121844,0.47494669509594883,0.4660657027113488,0.47494669509594883,0.4660657027113488,0.0894172708669991,51.57101535797119
82,2.7363327741622925,2.8412064054171955,0.4750133262260128,0.47381817793947045,0.4750133262260128,0.47381817793947045,0.08910632407147277,51.14665246009827
83,2.7614004611968994,2.833225810995166,0.47574626865671643,0.4737808362203867,0.47574626865671643,0.4737808362203867,0.08887884211671924,50.92839002609253
84,2.703142285346985,2.8202174584303474,0.4738139658848614,0.47423869522118733,0.4738139658848614,0.47423869522118733,0.08922249647429215,50.74727272987366
85,2.7266632318496704,2.8108620357722796,0.4751465884861407,0.47805055539733876,0.4751465884861407,0.47805055539733876,0.08987843408583085,51.51438069343567
86,2.719149112701416,2.801690743465193,0.474613539445629,0.48327147667220505,0.474613539445629,0.48327147667220505,0.08890394665633244,50.455177545547485
87,2.6604312658309937,2.7875647957017735,0.47488006396588484,0.48015417994117654,0.47488006396588484,0.48015417994117654,0.08839045600614107,50.91099524497986
88,2.6099421977996826,2.7698025359115643,0.47494669509594883,0.4793783068112526,0.47494669509594883,0.4793783068112526,0.08792432362858939,50.20077133178711
89,2.717331290245056,2.7645554113449133,0.47468017057569295,0.478257121082987,0.47468017057569295,0.478257121082987,0.08834060929606576,51.29256772994995
90,2.6359686851501465,2.7516967387254367,0.47554637526652455,0.48253858928612436,0.47554637526652455,0.48253858928612436,0.08965295731268974,50.153298139572144
91,2.617982268333435,2.7383252916862366,0.47474680170575695,0.49141071891832466,0.47474680170575695,0.49141071891832466,0.09026314838880416,50.72776246070862
92,2.6188929080963135,2.726382053327244,0.47554637526652455,0.4966893988201097,0.47554637526652455,0.4966893988201097,0.08916435156435461,49.72254538536072
93,2.597989082336426,2.713542756228162,0.47474680170575695,0.49271562341646297,0.47474680170575695,0.49271562341646297,0.08976955557556272,50.98306918144226
94,2.5917017459869385,2.70135865520404,0.474613539445629,0.4970797098182203,0.474613539445629,0.4970797098182203,0.08846997275488803,50.553693532943726
95,2.6218467950820923,2.693407469191845,0.47547974413646055,0.49200785884375986,0.47547974413646055,0.49200785884375986,0.08778228172561318,51.41788673400879
96,2.5942243337631226,2.6834891556489726,0.4743470149253731,0.48978709525269587,0.4743470149253731,0.48978709525269587,0.08855663330750013,50.55844783782959
97,2.6833547353744507,2.6834757136215206,0.474613539445629,0.49586067831869457,0.474613539445629,0.49586067831869457,0.08966011885522088,51.279377698898315
98,2.611778736114502,2.6763060158708187,0.474613539445629,0.5041558126493455,0.474613539445629,0.5041558126493455,0.08899843006962091,50.560587882995605
99,2.5196423530578613,2.660639649589523,0.4750799573560768,0.5025022788710625,0.4750799573560768,0.5025022788710625,0.08951632161071543,51.063215255737305
100,2.558417558670044,2.650417440497575,0.4742803837953092,0.5073057353084935,0.4742803837953092,0.5073057353084935,0.08910521392527812,50.90406274795532
101,2.585396885871887,2.6439153850350063,0.47488006396588484,0.5068915848358619,0.47488006396588484,0.5068915848358619,0.08946973857337408,50.84504747390747
102,2.533144950866699,2.6328383416181755,0.4748134328358209,0.5106076452508486,0.4748134328358209,0.5106076452508486,0.09201854706108284,50.55726766586304
103,2.5236549377441406,2.621920001230772,0.4744136460554371,0.5276478712809434,0.4744136460554371,0.5276478712809434,0.09048904798751231,50.241835832595825
104,2.575138807296753,2.61724188183737,0.4743470149253731,0.5207515887917747,0.4743470149253731,0.5207515887917747,0.09129348652245539,50.2178692817688
105,2.54482102394104,2.6099997960477372,0.4740138592750533,0.5278829266590008,0.4740138592750533,0.5278829266590008,0.0911600598049225,50.41639804840088
106,2.5217995643615723,2.601179772879121,0.47388059701492535,0.5288961151974534,0.47388059701492535,0.5288961151974534,0.09051992260027293,51.60155749320984
107,2.5425509214401245,2.5953168877352213,0.47414712153518124,0.5265546922801624,0.47414712153518124,0.5265546922801624,0.09073781713298565,50.76009511947632
108,2.4953150749206543,2.5853167064537645,0.47414712153518124,0.5292576686606744,0.47414712153518124,0.5292576686606744,0.08929472362241019,50.75395345687866
109,2.4986382722854614,2.5766488630369344,0.47448027718550106,0.5224876265186965,0.47448027718550106,0.5224876265186965,0.0906750836161166,49.80299234390259
110,2.437388062477112,2.5627227829809525,0.47414712153518124,0.5330935490240257,0.47414712153518124,0.5330935490240257,0.08882132995474745,50.27534341812134
111,2.483259677886963,2.5547764724715534,0.4740804904051173,0.5239046767775586,0.4740804904051173,0.5239046767775586,0.09126369219282177,49.06602740287781
112,2.372424840927124,2.5365413093171103,0.4732142857142857,0.540872539774722,0.4732142857142857,0.540872539774722,0.0909074677925917,49.23548674583435
113,2.446913719177246,2.527578550303124,0.47414712153518124,0.5402309761317702,0.47414712153518124,0.5402309761317702,0.09038402042699632,48.75046896934509
114,2.38765811920166,2.513586507192978,0.47388059701492535,0.5389217262771034,0.47388059701492535,0.5389217262771034,0.09007469396674989,50.12720227241516
115,2.4306384325027466,2.505291699723955,0.474546908315565,0.5385970775229704,0.474546908315565,0.5385970775229704,0.09120352286163144,48.92034673690796
116,2.5040277242660522,2.5051653021781646,0.47394722814498935,0.5470638346382599,0.47394722814498935,0.5470638346382599,0.09216340583503221,51.01541018486023
117,2.3539117574691772,2.490039947707266,0.4734808102345416,0.5547089057354812,0.4734808102345416,0.5547089057354812,0.09425910028926494,48.60372614860535
118,2.369266152381897,2.4779625681747293,0.47394722814498935,0.5690339615348188,0.47394722814498935,0.5690339615348188,0.09476682564092241,49.78470826148987
119,2.324716091156006,2.462637920472857,0.4742803837953092,0.574467076234707,0.4742803837953092,0.574467076234707,0.0927343276506932,48.48590564727783
120,2.363064169883728,2.452680545413944,0.4738139658848614,0.5641137256033305,0.4738139658848614,0.5641137256033305,0.093221881884254,49.26610732078552
121,2.3391168117523193,2.4413241720477816,0.47368070362473347,0.5688319790732438,0.47368070362473347,0.5688319790732438,0.09269422259231463,48.89050626754761
122,2.3566057682037354,2.4328523316633768,0.4743470149253731,0.5685390796911534,0.4743470149253731,0.5685390796911534,0.0924360106511906,49.35544300079346
123,2.3486768007278442,2.4244347785698235,0.47394722814498935,0.5685559412330475,0.47394722814498935,0.5685559412330475,0.09308444529850506,49.01137733459473
124,2.375236988067627,2.419514999519604,0.4736140724946695,0.5751769661597989,0.4736140724946695,0.5751769661597989,0.09227499413540552,49.18952775001526
125,2.317336320877075,2.409297131655351,0.4740804904051173,0.5722153616339254,0.4740804904051173,0.5722153616339254,0.0923776820725545,49.23590278625488
126,2.3242504596710205,2.4007924644569183,0.4748134328358209,0.5744678647116103,0.4748134328358209,0.5744678647116103,0.09117123578124328,49.384438037872314
127,2.336562395095825,2.394369457520809,0.47414712153518124,0.5692523670809974,0.47414712153518124,0.5692523670809974,0.09304680959766619,48.67259359359741
128,2.33591890335083,2.3885244021038115,0.47368070362473347,0.5832367108536871,0.47368070362473347,0.5832367108536871,0.09403111428513339,49.163373708724976
129,2.2553603649139404,2.375207998384824,0.4736140724946695,0.5918571721089394,0.4736140724946695,0.5918571721089394,0.0937037014036149,49.57922673225403
130,2.2881600856781006,2.366503207114152,0.47394722814498935,0.5915617708454527,0.47394722814498935,0.5915617708454527,0.09534143442229427,49.09944748878479
131,2.294806122779846,2.359333498680721,0.47414712153518124,0.6045808393709855,0.47414712153518124,0.6045808393709855,0.09698947456985704,49.726473808288574
132,2.261788249015808,2.34957897371423,0.47368070362473347,0.6173243758393757,0.47368070362473347,0.6173243758393757,0.09598063402015655,49.441229820251465
133,2.302761673927307,2.3448972437355375,0.4742137526652452,0.61284581175969,0.4742137526652452,0.61284581175969,0.09791186871436393,49.603049516677856
134,2.2049261331558228,2.3309001326775665,0.47388059701492535,0.6275168104808031,0.47388059701492535,0.6275168104808031,0.09600498197073146,49.363569259643555
135,2.311028838157654,2.3289130032255754,0.4740804904051173,0.6181092972172796,0.4740804904051173,0.6181092972172796,0.09595086124182871,49.74901628494263
136,2.190896511077881,2.315111354010806,0.47388059701492535,0.6199420017411645,0.47388059701492535,0.6199420017411645,0.09460830726446198,48.66428518295288
137,2.209593415260315,2.304559560135757,0.47448027718550106,0.6128864002721722,0.47448027718550106,0.6128864002721722,0.0938006090358983,48.988240480422974
138,2.237335681915283,2.29783717231371,0.47334754797441364,0.61053266420904,0.47334754797441364,0.61053266420904,0.09407218349873173,41.740920543670654
139,2.238184094429016,2.2918718645252403,0.47394722814498935,0.6139900067331107,0.47394722814498935,0.6139900067331107,0.09418667074489848,41.7795205116272
140,2.256208658218384,2.2883055438945545,0.4738139658848614,0.6170253503240278,0.4738139658848614,0.6170253503240278,0.09560350309594219,41.8196120262146
141,2.20595645904541,2.28007063540964,0.4736140724946695,0.6290952349245535,0.4736140724946695,0.6290952349245535,0.09497145556594902,41.608447313308716
142,2.2414627075195312,2.276209842620629,0.4740138592750533,0.6268609085149929,0.4740138592750533,0.6268609085149929,0.09556226902180327,41.874614238739014
143,2.176546812057495,2.2662435395643157,0.4735474413646055,0.6325483768946026,0.4735474413646055,0.6325483768946026,0.09403418954803033,41.807915449142456
144,2.1204229593276978,2.251661481540654,0.4730143923240938,0.6242884083616359,0.4730143923240938,0.6242884083616359,0.09240975938112651,41.81447625160217
145,2.1751089096069336,2.244006224347282,0.47374733475479747,0.6162814240355777,0.47374733475479747,0.6162814240355777,0.09275248851567061,35.88427495956421
146,2.138616442680359,2.23346724618059,0.4738139658848614,0.6202737736154914,0.4738139658848614,0.6202737736154914,0.0942061924053323,34.019264459609985
147,2.143182635307312,2.224438785093262,0.47368070362473347,0.6319707176498911,0.47368070362473347,0.6319707176498911,0.09415723858349051,33.73252868652344
148,2.177477240562439,2.2197426306401797,0.4740138592750533,0.6342677926268336,0.4740138592750533,0.6342677926268336,0.09568804109237025,33.578869581222534
149,2.16534960269928,2.2143033278460895,0.47374733475479747,0.6467595136386033,0.47374733475479747,0.6467595136386033,0.09516680504257187,33.957417249679565
150,2.162068247795105,2.209079819840991,0.47334754797441364,0.6451570630923336,0.47334754797441364,0.6451570630923336,0.09484311888865685,33.74126863479614
151,2.0878089666366577,2.1969527345205577,0.47341417910447764,0.6453964720459605,0.47341417910447764,0.6453964720459605,0.09373346735172565,34.12776827812195
152,2.1984230279922485,2.197099763867727,0.47341417910447764,0.6399988141429533,0.47341417910447764,0.6399988141429533,0.09549962631997282,33.79823637008667
153,2.075831890106201,2.1849729764915744,0.47334754797441364,0.6539217240827921,0.47334754797441364,0.6539217240827921,0.09582061109211398,33.88627815246582
154,2.0721237659454346,2.17368805543696,0.47308102345415776,0.6585604792901045,0.47308102345415776,0.6585604792901045,0.09626802657811953,34.099520683288574
155,2.0987008810043335,2.1661893379936976,0.4730143923240938,0.6648578788661086,0.4730143923240938,0.6648578788661086,0.09662530022200201,34.252421617507935
156,2.0231575965881348,2.151886163853141,0.47308102345415776,0.6693354179556955,0.47308102345415776,0.6693354179556955,0.0962246019187426,34.21239924430847
157,2.0742050409317017,2.144118051560997,0.4732142857142857,0.6682648563682435,0.4732142857142857,0.6682648563682435,0.0970149479334395,33.87213206291199
158,2.1155266761779785,2.141258914022695,0.47368070362473347,0.6752248315456371,0.47368070362473347,0.6752248315456371,0.09840389097335074,34.18965744972229
159,2.1011215448379517,2.1372451771042207,0.4738139658848614,0.6880319631559118,0.4738139658848614,0.6880319631559118,0.09868199571447096,34.120368242263794
160,2.04578697681427,2.1280993570752256,0.47334754797441364,0.6925767209886257,0.47334754797441364,0.6925767209886257,0.09911346778569734,33.82207465171814
161,2.0373528599739075,2.1190247073650936,0.4735474413646055,0.6985515940956826,0.4735474413646055,0.6985515940956826,0.0987884302053873,33.86806631088257
162,2.009723663330078,2.108094602961592,0.4738139658848614,0.6994059830206916,0.4738139658848614,0.6994059830206916,0.09791804351614626,33.97016716003418
163,2.064062476158142,2.103691390281247,0.4738139658848614,0.6957192903479587,0.4738139658848614,0.6957192903479587,0.09728815565669742,34.18151879310608
164,1.9694485664367676,2.090267107896799,0.47368070362473347,0.6929640144700594,0.47368070362473347,0.6929640144700594,0.09693502988007578,33.97966122627258
165,1.9576544165611267,2.0770058387632315,0.4738139658848614,0.6929391082662547,0.4738139658848614,0.6929391082662547,0.09621355476611917,33.89656114578247
166,2.04171085357666,2.0734763402445746,0.47294776119402987,0.690674548864524,0.47294776119402987,0.690674548864524,0.09877092985271449,33.607008934020996
167,1.9596734642982483,2.062096052649942,0.4735474413646055,0.7108947984570516,0.4735474413646055,0.7108947984570516,0.09850913858461316,33.75849986076355
168,1.9881008863449097,2.054696536019439,0.47334754797441364,0.7118462223362939,0.47334754797441364,0.7118462223362939,0.09941661254864115,33.51163125038147
169,1.9470186233520508,2.0439287447527,0.4732809168443497,0.7206468179300809,0.4732809168443497,0.7206468179300809,0.09809334812334869,33.67393207550049
170,1.9215047359466553,2.031686343872096,0.47334754797441364,0.7141265113227855,0.47334754797441364,0.7141265113227855,0.09642144524952745,33.608259439468384
171,1.9086798429489136,2.019385693779778,0.4734808102345416,0.7035512351118713,0.4734808102345416,0.7035512351118713,0.09497705144996245,33.934680461883545
172,1.9151586294174194,2.008962987343542,0.47314765458422176,0.6950796292337497,0.47314765458422176,0.6950796292337497,0.09359530340927187,33.88502645492554
173,1.922546923160553,2.000321380925243,0.4736140724946695,0.6872457055265851,0.4736140724946695,0.6872457055265851,0.09628272046459964,33.66913032531738
174,1.9610022902488708,1.9963894718576056,0.4736140724946695,0.7103605556259657,0.4736140724946695,0.7103605556259657,0.10177121296064347,34.011908769607544
175,1.9394488334655762,1.9906954080184027,0.4738139658848614,0.7545959424483906,0.4738139658848614,0.7545959424483906,0.10179437076105609,33.986345529556274
176,1.9809104204177856,1.989716909258341,0.47368070362473347,0.7566002331695676,0.47368070362473347,0.7566002331695676,0.10453054733301177,33.901702642440796
177,1.8886223435401917,1.9796074526865262,0.47341417910447764,0.7802485691781404,0.47341417910447764,0.7802485691781404,0.10298873670833589,33.649155616760254
178,1.8608897924423218,1.9677356866621059,0.47261460554371004,0.7716391143540705,0.47261460554371004,0.7716391143540705,0.10363068801926519,33.944087982177734
179,1.8276787400245667,1.9537299919983517,0.4738139658848614,0.7785380207820416,0.4738139658848614,0.7785380207820416,0.10129608108392421,33.68141746520996
180,1.8095490336418152,1.939311896162698,0.4730143923240938,0.7634586263244681,0.4730143923240938,0.7634586263244681,0.10056241062197754,33.803242206573486
181,1.8534319996833801,1.930723906514766,0.47388059701492535,0.760600044603044,0.47388059701492535,0.760600044603044,0.10031915415857895,33.84500551223755
182,1.8718428015708923,1.9248357960203786,0.4736140724946695,0.7611230620299025,0.4736140724946695,0.7611230620299025,0.0995990477779409,33.74196934700012
183,1.793910026550293,1.9117432190733699,0.47388059701492535,0.7575392108979059,0.47388059701492535,0.7575392108979059,0.09898669692958917,33.85068917274475
184,1.8908356428146362,1.9096524614474966,0.4730143923240938,0.7557106367939962,0.4730143923240938,0.7557106367939962,0.10050750522362902,33.769426107406616
185,1.8188670873641968,1.9005739240391666,0.4734808102345416,0.7691991721024941,0.4734808102345416,0.7691991721024941,0.09919580543533654,33.80112171173096
186,1.7997702360153198,1.8904935552367819,0.47288113006396587,0.7616597933582273,0.47288113006396587,0.7616597933582273,0.09918674000867453,33.75769829750061
187,1.84503972530365,1.8859481722434688,0.47334754797441364,0.7638586389378467,0.47334754797441364,0.7638586389378467,0.10306323187425233,33.961503982543945
188,1.8164979815483093,1.8790031531739528,0.4736140724946695,0.797218365123793,0.4736140724946695,0.797218365123793,0.10234058729152033,34.01071548461914
189,1.7691863179206848,1.868021469648626,0.47341417910447764,0.7946162593871933,0.47341417910447764,0.7946162593871933,0.10177120027624628,33.73399877548218
190,1.7903445959091187,1.8602537822746752,0.4732809168443497,0.7938605013045577,0.4732809168443497,0.7938605013045577,0.10463336579811329,33.53417420387268
191,1.8382066488265991,1.8580490689298677,0.4734808102345416,0.8183032874408823,0.4734808102345416,0.8183032874408823,0.10264815730895219,33.8770112991333
192,1.7689985036849976,1.8491440124053806,0.47314765458422176,0.8047438107346289,0.47314765458422176,0.8047438107346289,0.1037555327363304,33.870373010635376
193,1.767326295375824,1.840962240702425,0.4736140724946695,0.8163259804155865,0.4736140724946695,0.8163259804155865,0.10277979780936601,33.96900296211243
194,1.8108006119728088,1.8379460778294636,0.47334754797441364,0.8107054541997427,0.47334754797441364,0.8107054541997427,0.10279582004819184,34.00757145881653
195,1.7873896956443787,1.832890439610955,0.47314765458422176,0.813182199683798,0.47314765458422176,0.813182199683798,0.10345194084420908,33.80021119117737
196,1.751892328262329,1.8247906284760924,0.4730143923240938,0.8208763011714403,0.4730143923240938,0.8208763011714403,0.1021644612423603,33.864556312561035
197,1.742000937461853,1.8165116593746684,0.47334754797441364,0.8132509963765764,0.47334754797441364,0.8132509963765764,0.09956427360260814,33.92622971534729
198,1.7430434823036194,1.8091648416675634,0.47314765458422176,0.7956264111028533,0.47314765458422176,0.7956264111028533,0.10355347763158307,34.11515831947327
199,1.7285012602806091,1.801098483528868,0.47308102345415776,0.8301296082364076,0.47308102345415776,0.8301296082364076,0.10379702929109931,33.9627902507782
200,1.6950159668922424,1.7904902318652054,0.4740804904051173,0.8343855666275093,0.4740804904051173,0.8343855666275093,0.10363540093268497,33.908363342285156
